request_id,image_type,body_part,image_count_range,priority_level,scanner_slice_thickness_mm,facility_monthly_cases,prior_report_available,selected_doctor_id
R0001,X線,四肢,大量,当日,0.9,431,0,D4
R0002,CT,胸部,中量,通常,0.6,110,0,D3
R0003,CT,頭部,少量,通常,1.1,177,0,D1
R0004,MRI,脊椎,少量,通常,0.7,177,1,D2
R0005,X線,四肢,大量,当日,0.9,178,1,D4
R0006,MRI,腹部,中量,当日,4.6,78,1,D5
R0007,CT,脊椎,少量,当日,4.6,419,0,D1
R0008,X線,腹部,少量,通常,2.5,296,0,D4
R0009,MRI,四肢,少量,当日,3.0,272,0,D2
R0010,MRI,頭部,中量,通常,4.6,303,1,D2
R0011,CT,腹部,少量,当日,0.6,340,0,D1
R0012,CT,頭部,少量,夜間,1.7,180,0,D1
R0013,超音波,脊椎,中量,通常,2.0,45,1,D6
R0014,CT,頭部,中量,当日,3.2,245,1,D1
R0015,MRI,四肢,少量,当日,4.9,141,1,D2
R0016,MRI,頭部,大量,通常,3.6,346,0,D5
R0017,MRI,腹部,中量,当日,3.0,298,0,D5
R0018,CT,胸部,少量,通常,3.6,228,0,D3
R0019,MRI,頭部,少量,通常,2.0,48,0,D2
R0020,CT,四肢,少量,通常,3.2,322,0,D1
R0021,CT,胸部,中量,夜間,1.6,258,1,D3
R0022,CT,腹部,中量,夜間,1.9,202,0,D1
R0023,CT,四肢,少量,夜間,3.2,64,1,D1
R0024,超音波,胸部,中量,通常,3.2,147,0,D6
R0025,CT,腹部,中量,当日,2.7,130,0,D1
R0026,超音波,四肢,中量,当日,0.7,184,0,D6
R0027,超音波,頭部,少量,夜間,4.8,398,0,D6
R0028,超音波,頭部,少量,通常,2.6,105,1,D6
R0029,X線,四肢,少量,当日,2.0,253,0,D4
R0030,X線,脊椎,少量,当日,2.8,134,1,D4
R0031,MRI,頭部,中量,夜間,3.8,184,0,D2
R0032,X線,頭部,少量,通常,1.5,117,0,D4
R0033,X線,胸部,少量,夜間,0.7,398,0,D4
R0034,X線,腹部,大量,夜間,4.4,283,0,D4
R0035,超音波,脊椎,中量,当日,2.0,344,0,D6
R0036,CT,腹部,少量,当日,0.6,135,1,D1
R0037,X線,胸部,中量,通常,3.0,248,1,D4
R0038,CT,四肢,大量,通常,1.7,308,0,D3
R0039,X線,頭部,中量,通常,2.4,390,1,D4
R0040,X線,脊椎,中量,夜間,4.7,425,0,D4
R0041,CT,四肢,少量,通常,3.2,162,0,D1
R0042,CT,脊椎,大量,夜間,0.6,211,0,D3
R0043,CT,腹部,少量,当日,3.9,98,1,D1
R0044,MRI,四肢,少量,夜間,3.1,433,1,D2
R0045,X線,腹部,少量,通常,3.3,419,1,D4
R0046,X線,四肢,大量,通常,4.3,77,1,D4
R0047,CT,四肢,少量,通常,4.0,112,1,D1
R0048,MRI,頭部,中量,当日,3.9,198,1,D2
R0049,CT,胸部,中量,夜間,2.1,441,0,D3
R0050,超音波,脊椎,大量,通常,0.6,301,0,D6
R0051,超音波,頭部,少量,当日,2.1,417,1,D6
R0052,超音波,頭部,少量,当日,3.7,333,0,D6
R0053,MRI,胸部,少量,夜間,4.8,223,0,D2
R0054,X線,胸部,中量,通常,2.2,122,0,D4
R0055,CT,頭部,少量,通常,4.0,412,1,D1
R0056,MRI,頭部,少量,通常,1.1,234,0,D2
R0057,CT,腹部,少量,通常,4.5,67,0,D1
R0058,X線,脊椎,少量,夜間,4.8,67,0,D4
R0059,X線,頭部,大量,夜間,4.2,177,0,D4
R0060,超音波,四肢,少量,当日,1.9,299,0,D6
R0061,X線,脊椎,中量,当日,1.7,264,0,D4
R0062,超音波,胸部,中量,夜間,3.5,386,0,D6
R0063,X線,胸部,中量,通常,2.4,106,1,D4
R0064,CT,頭部,少量,通常,1.4,398,1,D1
R0065,CT,脊椎,中量,通常,2.8,308,0,D1
R0066,X線,腹部,中量,夜間,2.4,247,1,D4
R0067,CT,胸部,少量,通常,0.6,265,1,D3
R0068,MRI,頭部,中量,夜間,3.3,291,0,D2
R0069,MRI,頭部,大量,夜間,0.6,448,1,D5
R0070,X線,胸部,少量,通常,2.3,420,0,D4
R0071,X線,胸部,大量,通常,4.4,50,0,D4
R0072,超音波,胸部,大量,当日,3.0,237,1,D6
R0073,CT,脊椎,少量,夜間,2.2,183,0,D1
R0074,MRI,頭部,少量,当日,1.1,283,0,D2
R0075,MRI,脊椎,少量,夜間,3.0,171,0,D2
R0076,超音波,腹部,中量,通常,3.2,76,0,D6
R0077,CT,脊椎,大量,通常,3.2,62,1,D3
R0078,CT,頭部,中量,通常,1.8,437,1,D1
R0079,CT,胸部,中量,通常,1.1,429,1,D3
R0080,超音波,脊椎,大量,通常,3.8,193,1,D6
R0081,超音波,頭部,大量,通常,1.0,65,1,D6
R0082,超音波,頭部,少量,当日,2.9,401,0,D6
R0083,MRI,脊椎,中量,通常,1.8,65,0,D2
R0084,X線,腹部,中量,当日,1.6,125,1,D4
R0085,超音波,胸部,中量,通常,4.1,93,1,D6
R0086,CT,腹部,大量,夜間,3.5,140,1,D3
R0087,X線,腹部,少量,夜間,4.8,321,0,D4
R0088,CT,胸部,大量,通常,1.6,396,0,D3
R0089,X線,腹部,少量,当日,1.1,306,0,D4
R0090,超音波,頭部,中量,夜間,2.6,374,0,D6
R0091,CT,腹部,中量,通常,2.4,66,1,D1
R0092,X線,脊椎,少量,夜間,1.9,83,0,D4
R0093,CT,頭部,大量,通常,1.8,111,0,D1
R0094,CT,腹部,中量,当日,3.1,90,1,D1
R0095,X線,脊椎,少量,夜間,4.9,363,0,D4
R0096,CT,脊椎,少量,通常,2.3,201,0,D1
R0097,超音波,四肢,大量,通常,1.2,275,0,D6
R0098,CT,脊椎,中量,通常,3.0,283,1,D1
R0099,超音波,脊椎,中量,通常,1.8,128,0,D6
R0100,MRI,胸部,少量,夜間,2.1,354,1,D2
R0101,CT,頭部,中量,通常,4.0,414,0,D1
R0102,超音波,脊椎,少量,通常,3.6,83,0,D6
R0103,X線,脊椎,少量,通常,2.9,322,1,D4
R0104,CT,脊椎,少量,通常,2.0,352,0,D1
R0105,MRI,腹部,中量,通常,3.7,299,1,D5
R0106,超音波,腹部,少量,当日,4.8,447,1,D6
R0107,X線,頭部,大量,通常,4.7,351,1,D4
R0108,CT,頭部,少量,夜間,3.0,98,0,D1
R0109,CT,腹部,少量,通常,1.8,237,0,D1
R0110,超音波,脊椎,少量,夜間,4.5,417,1,D6
R0111,超音波,頭部,大量,通常,4.3,415,1,D6
R0112,MRI,腹部,少量,夜間,3.1,144,0,D5
R0113,CT,四肢,中量,通常,1.2,310,0,D1
R0114,MRI,四肢,少量,通常,3.8,359,1,D2
R0115,超音波,胸部,中量,通常,1.9,358,1,D6
R0116,CT,脊椎,中量,通常,3.9,333,1,D1
R0117,CT,腹部,大量,当日,3.7,388,1,D3
R0118,CT,胸部,大量,通常,1.3,110,1,D3
R0119,MRI,四肢,中量,通常,3.1,257,1,D2
R0120,MRI,胸部,少量,通常,1.6,300,1,D2
R0121,超音波,四肢,少量,当日,1.0,106,0,D6
R0122,X線,頭部,大量,通常,2.9,341,1,D4
R0123,超音波,腹部,少量,当日,2.4,248,0,D6
R0124,CT,腹部,少量,通常,4.5,326,0,D1
R0125,CT,腹部,中量,当日,4.5,424,0,D1
R0126,MRI,胸部,少量,夜間,3.7,250,0,D2
R0127,CT,頭部,中量,夜間,2.4,40,0,D1
R0128,CT,脊椎,少量,通常,4.6,126,1,D1
R0129,超音波,腹部,少量,通常,3.6,46,0,D6
R0130,X線,四肢,中量,当日,3.5,62,1,D4
R0131,超音波,胸部,大量,通常,4.0,197,0,D6
R0132,CT,四肢,大量,通常,2.0,423,1,D3
R0133,X線,頭部,少量,通常,4.2,356,0,D4
R0134,MRI,腹部,大量,通常,1.5,426,1,D5
R0135,MRI,四肢,少量,通常,4.4,229,0,D2
R0136,MRI,四肢,少量,通常,1.7,276,0,D2
R0137,X線,四肢,中量,通常,4.4,288,1,D4
R0138,X線,胸部,中量,夜間,1.8,117,0,D4
R0139,MRI,腹部,少量,夜間,3.4,55,0,D5
R0140,超音波,四肢,少量,通常,2.5,420,1,D6
R0141,X線,脊椎,少量,通常,4.9,90,0,D4
R0142,MRI,腹部,少量,通常,3.6,143,1,D5
R0143,X線,頭部,中量,夜間,1.0,67,1,D4
R0144,CT,脊椎,中量,通常,3.7,52,1,D1
R0145,超音波,胸部,中量,当日,2.6,404,0,D6
R0146,CT,四肢,中量,当日,0.7,213,0,D1
R0147,CT,腹部,大量,通常,2.3,398,0,D3
R0148,X線,腹部,中量,通常,3.0,202,1,D4
R0149,X線,胸部,中量,通常,3.0,201,1,D4
R0150,X線,胸部,大量,当日,3.7,313,0,D4
R0151,超音波,脊椎,中量,当日,2.4,161,1,D6
R0152,MRI,胸部,少量,通常,2.7,139,0,D2
R0153,CT,四肢,中量,通常,4.7,144,1,D1
R0154,超音波,頭部,少量,通常,1.2,83,0,D6
R0155,CT,四肢,中量,通常,0.8,351,0,D1
R0156,CT,胸部,中量,通常,4.7,302,0,D3
R0157,MRI,四肢,少量,当日,4.7,389,1,D2
R0158,超音波,四肢,中量,通常,0.7,328,1,D6
R0159,X線,四肢,少量,通常,2.0,136,0,D4
R0160,CT,腹部,少量,通常,4.3,390,1,D1
R0161,超音波,胸部,大量,夜間,2.1,287,0,D6
R0162,超音波,四肢,大量,夜間,3.3,143,1,D6
R0163,超音波,脊椎,少量,当日,0.6,273,1,D6
R0164,超音波,四肢,中量,通常,3.6,387,1,D6
R0165,超音波,頭部,大量,当日,2.7,442,1,D6
R0166,超音波,脊椎,中量,通常,4.7,426,0,D6
R0167,X線,胸部,大量,夜間,0.5,276,0,D4
R0168,MRI,胸部,少量,当日,2.6,282,1,D2
R0169,X線,腹部,中量,通常,2.3,172,1,D4
R0170,MRI,頭部,少量,通常,2.8,239,0,D2
R0171,X線,腹部,少量,通常,4.0,69,1,D4
R0172,CT,頭部,少量,通常,1.2,85,0,D1
R0173,超音波,頭部,少量,当日,4.9,378,1,D6
R0174,X線,脊椎,大量,当日,4.1,292,1,D4
R0175,MRI,腹部,中量,通常,3.2,82,0,D5
R0176,超音波,腹部,少量,通常,4.7,133,1,D6
R0177,CT,頭部,中量,通常,4.1,185,1,D1
R0178,超音波,胸部,少量,通常,3.8,258,1,D6
R0179,MRI,脊椎,少量,通常,1.6,108,0,D2
R0180,X線,頭部,少量,通常,2.5,427,1,D4
R0181,MRI,四肢,少量,夜間,1.7,300,0,D2
R0182,超音波,胸部,少量,夜間,3.5,152,0,D6
R0183,MRI,頭部,中量,夜間,4.6,417,1,D2
R0184,MRI,脊椎,少量,通常,0.9,131,0,D2
R0185,超音波,腹部,少量,通常,0.7,108,0,D6
R0186,超音波,脊椎,少量,通常,2.6,305,1,D6
R0187,超音波,胸部,少量,当日,0.5,389,1,D6
R0188,MRI,腹部,中量,通常,1.8,307,0,D5
R0189,CT,腹部,大量,通常,2.7,226,0,D3
R0190,X線,頭部,中量,通常,3.6,308,1,D4
R0191,MRI,胸部,少量,当日,3.2,142,1,D2
R0192,MRI,頭部,大量,夜間,4.7,154,1,D5
R0193,CT,脊椎,大量,当日,0.8,252,1,D3
R0194,CT,脊椎,中量,通常,3.9,288,0,D1
R0195,超音波,頭部,少量,当日,0.7,205,1,D6
R0196,X線,胸部,少量,夜間,2.3,112,1,D4
R0197,超音波,胸部,中量,当日,3.4,119,0,D6
R0198,CT,胸部,中量,通常,3.8,251,1,D3
R0199,CT,脊椎,中量,当日,2.6,252,0,D1
R0200,X線,頭部,中量,夜間,3.6,55,0,D4
R0201,X線,脊椎,大量,通常,1.1,240,1,D4
R0202,X線,四肢,少量,夜間,4.4,142,0,D4
R0203,CT,胸部,大量,通常,2.7,88,0,D3
R0204,X線,胸部,大量,通常,1.3,212,0,D4
R0205,CT,四肢,少量,当日,1.0,356,1,D1
R0206,MRI,頭部,大量,通常,0.6,148,0,D5
R0207,X線,頭部,中量,当日,1.1,446,0,D4
R0208,超音波,胸部,中量,通常,0.7,206,0,D6
R0209,CT,頭部,中量,通常,1.3,431,1,D1
R0210,CT,腹部,少量,当日,1.3,41,0,D1
R0211,MRI,脊椎,少量,夜間,3.3,219,1,D2
R0212,MRI,四肢,中量,通常,3.1,319,0,D2
R0213,X線,腹部,少量,夜間,2.4,268,1,D4
R0214,MRI,脊椎,中量,通常,3.4,358,0,D2
R0215,X線,四肢,少量,通常,4.6,429,0,D4
R0216,CT,脊椎,少量,当日,1.0,205,0,D1
R0217,CT,腹部,少量,通常,2.6,398,0,D1
R0218,MRI,頭部,中量,通常,1.3,259,1,D2
R0219,CT,四肢,中量,当日,4.5,247,0,D1
R0220,超音波,胸部,中量,当日,1.9,115,1,D6
R0221,X線,四肢,大量,当日,0.9,411,1,D4
R0222,X線,頭部,中量,当日,4.3,185,0,D4
R0223,CT,腹部,少量,通常,1.0,372,0,D1
R0224,MRI,四肢,少量,通常,4.1,395,0,D2
R0225,MRI,脊椎,大量,通常,1.2,163,1,D2
R0226,MRI,胸部,少量,夜間,4.5,68,1,D2
R0227,CT,頭部,少量,通常,0.7,356,1,D1
R0228,MRI,腹部,少量,通常,4.4,284,1,D5
R0229,MRI,頭部,中量,通常,1.9,187,0,D2
R0230,CT,脊椎,中量,当日,1.5,312,0,D1
R0231,MRI,頭部,中量,通常,0.8,306,1,D2
R0232,超音波,胸部,中量,夜間,2.1,273,1,D6
R0233,CT,腹部,大量,夜間,3.3,168,1,D3
R0234,CT,脊椎,少量,通常,2.9,98,1,D1
R0235,MRI,四肢,大量,夜間,4.9,158,0,D5
R0236,CT,頭部,少量,当日,0.7,362,1,D1
R0237,CT,胸部,中量,当日,1.0,207,0,D3
R0238,X線,脊椎,少量,当日,2.8,343,1,D4
R0239,CT,腹部,大量,通常,1.0,216,1,D3
R0240,MRI,腹部,中量,夜間,0.8,248,1,D5
R0241,MRI,四肢,少量,通常,4.1,94,0,D2
R0242,X線,腹部,中量,夜間,3.6,257,1,D4
R0243,X線,腹部,少量,通常,3.2,367,0,D4
R0244,X線,胸部,少量,当日,1.9,328,1,D4
R0245,CT,頭部,中量,夜間,4.6,319,1,D1
R0246,CT,腹部,少量,夜間,3.7,404,0,D1
R0247,CT,頭部,少量,通常,3.4,144,0,D1
R0248,CT,腹部,大量,通常,3.1,114,0,D3
R0249,X線,腹部,少量,夜間,5.0,145,0,D4
R0250,X線,腹部,中量,通常,2.7,143,0,D4
R0251,X線,脊椎,少量,夜間,1.8,132,1,D4
R0252,CT,脊椎,大量,当日,2.9,52,1,D3
R0253,超音波,頭部,少量,夜間,1.3,374,0,D6
R0254,MRI,脊椎,少量,夜間,2.2,162,1,D2
R0255,CT,頭部,少量,当日,1.9,171,0,D1
R0256,超音波,四肢,中量,当日,4.7,264,0,D6
R0257,超音波,脊椎,中量,夜間,3.8,192,0,D6
R0258,超音波,頭部,少量,通常,2.8,425,1,D6
R0259,X線,頭部,大量,通常,2.0,194,0,D4
R0260,超音波,胸部,中量,通常,1.5,126,1,D6
R0261,CT,腹部,少量,夜間,1.8,73,0,D1
R0262,CT,腹部,中量,通常,2.7,186,1,D1
R0263,超音波,脊椎,少量,通常,4.5,387,0,D6
R0264,CT,脊椎,大量,当日,0.9,332,0,D3
R0265,X線,腹部,中量,当日,4.2,181,0,D4
R0266,CT,胸部,少量,当日,2.2,403,1,D3
R0267,CT,頭部,中量,夜間,1.8,334,0,D1
R0268,超音波,頭部,中量,夜間,0.8,182,0,D6
R0269,MRI,脊椎,大量,通常,1.7,269,0,D2
R0270,MRI,胸部,少量,当日,4.0,433,0,D2
R0271,CT,頭部,中量,通常,1.2,235,1,D1
R0272,超音波,四肢,大量,夜間,0.9,293,0,D6
R0273,CT,頭部,少量,通常,4.0,200,1,D1
R0274,CT,四肢,少量,通常,0.5,234,0,D1
R0275,CT,頭部,中量,通常,2.9,112,0,D1
R0276,X線,頭部,大量,通常,0.7,421,0,D4
R0277,CT,腹部,少量,夜間,3.0,298,1,D1
R0278,MRI,頭部,大量,夜間,3.6,197,0,D5
R0279,MRI,腹部,少量,通常,1.0,109,0,D5
R0280,X線,腹部,中量,当日,2.6,339,1,D4
R0281,X線,脊椎,少量,通常,3.2,217,1,D4
R0282,X線,腹部,少量,当日,0.6,50,1,D4
R0283,X線,腹部,中量,通常,2.5,318,1,D4
R0284,CT,四肢,大量,当日,1.2,52,0,D3
R0285,CT,胸部,少量,当日,1.8,355,1,D3
R0286,X線,腹部,中量,夜間,3.2,232,0,D4
R0287,超音波,腹部,少量,当日,2.6,405,0,D6
R0288,X線,頭部,中量,通常,1.6,207,0,D4
R0289,CT,脊椎,中量,当日,4.2,75,0,D1
R0290,X線,四肢,少量,通常,1.7,161,0,D4
R0291,MRI,腹部,中量,夜間,2.7,401,1,D5
R0292,CT,腹部,少量,夜間,0.9,239,0,D1
R0293,超音波,腹部,少量,当日,0.7,118,1,D6
R0294,超音波,腹部,少量,通常,2.2,148,1,D6
R0295,MRI,胸部,大量,当日,1.0,58,0,D5
R0296,X線,四肢,少量,通常,0.6,357,1,D4
R0297,X線,四肢,少量,通常,2.7,132,0,D4
R0298,MRI,腹部,少量,通常,1.4,200,1,D5
R0299,超音波,頭部,少量,通常,1.2,209,1,D6
R0300,MRI,四肢,中量,通常,2.2,333,1,D2
R0301,MRI,胸部,大量,通常,4.7,349,0,D5
R0302,X線,腹部,中量,通常,0.7,142,0,D4
R0303,X線,四肢,中量,夜間,2.9,373,1,D4
R0304,超音波,四肢,中量,通常,3.3,46,0,D6
R0305,MRI,頭部,少量,当日,1.2,353,1,D2
R0306,CT,胸部,中量,通常,2.0,185,1,D3
R0307,MRI,四肢,中量,夜間,1.4,364,0,D2
R0308,MRI,四肢,少量,当日,3.3,87,0,D2
R0309,CT,腹部,中量,当日,1.4,227,0,D1
R0310,X線,頭部,大量,当日,1.5,415,0,D4
R0311,CT,頭部,中量,当日,1.3,319,1,D1
R0312,超音波,胸部,少量,当日,3.6,172,0,D6
R0313,超音波,四肢,中量,通常,4.9,288,0,D6
R0314,X線,脊椎,少量,通常,2.9,386,1,D4
R0315,CT,胸部,大量,夜間,2.1,84,0,D3
R0316,X線,脊椎,少量,通常,1.6,108,1,D4
R0317,MRI,腹部,中量,当日,2.2,422,1,D5
R0318,CT,脊椎,少量,通常,3.3,194,0,D1
R0319,CT,脊椎,少量,通常,2.5,392,1,D1
R0320,CT,四肢,少量,通常,2.0,302,0,D1
R0321,X線,四肢,大量,通常,3.9,398,0,D4
R0322,CT,脊椎,大量,通常,1.6,277,0,D3
R0323,MRI,胸部,少量,通常,0.5,109,0,D2
R0324,CT,四肢,中量,夜間,4.7,117,1,D1
R0325,MRI,脊椎,大量,通常,2.8,272,1,D2
R0326,超音波,胸部,中量,通常,2.7,132,0,D6
R0327,X線,胸部,少量,通常,3.0,285,0,D4
R0328,CT,腹部,中量,当日,1.4,251,0,D1
R0329,MRI,頭部,中量,通常,3.0,345,1,D2
R0330,超音波,頭部,中量,夜間,1.3,426,0,D6
R0331,超音波,四肢,少量,通常,1.6,337,0,D6
R0332,X線,四肢,少量,通常,2.9,100,1,D4
R0333,CT,頭部,少量,当日,0.7,446,0,D1
R0334,CT,頭部,大量,当日,4.3,344,1,D1
R0335,MRI,腹部,中量,通常,5.0,365,1,D5
R0336,超音波,胸部,少量,通常,1.6,228,0,D6
R0337,X線,腹部,中量,通常,1.7,118,1,D4
R0338,CT,腹部,大量,当日,0.8,110,1,D3
R0339,X線,四肢,少量,通常,3.1,55,1,D4
R0340,CT,四肢,中量,当日,2.3,365,1,D1
R0341,CT,頭部,少量,当日,4.8,115,0,D1
R0342,超音波,頭部,中量,通常,2.5,220,1,D6
R0343,CT,頭部,中量,通常,1.0,143,0,D1
R0344,CT,脊椎,大量,通常,3.8,91,1,D3
R0345,MRI,四肢,少量,通常,1.9,432,0,D2
R0346,超音波,腹部,中量,通常,2.9,129,1,D6
R0347,MRI,四肢,少量,通常,2.4,120,1,D2
R0348,超音波,四肢,少量,通常,2.4,286,1,D6
R0349,X線,頭部,大量,通常,2.6,311,0,D4
R0350,MRI,腹部,少量,通常,2.2,269,1,D5
R0351,CT,頭部,中量,通常,1.4,369,0,D1
R0352,CT,頭部,少量,通常,4.0,395,1,D1
R0353,X線,四肢,大量,夜間,3.1,375,0,D4
R0354,X線,胸部,中量,夜間,2.7,139,1,D4
R0355,MRI,腹部,大量,通常,1.0,393,0,D5
R0356,MRI,胸部,中量,夜間,3.4,450,0,D2
R0357,X線,四肢,少量,通常,2.3,292,0,D4
R0358,X線,腹部,中量,通常,4.1,259,1,D4
R0359,MRI,腹部,中量,通常,2.1,153,1,D5
R0360,CT,胸部,少量,通常,1.7,130,1,D3
R0361,CT,脊椎,中量,通常,4.2,234,0,D1
R0362,MRI,頭部,少量,通常,4.8,98,0,D2
R0363,CT,四肢,少量,当日,2.8,198,0,D1
R0364,超音波,四肢,少量,当日,3.1,102,1,D6
R0365,X線,胸部,中量,夜間,4.1,322,0,D4
R0366,X線,頭部,中量,通常,0.5,68,1,D4
R0367,X線,脊椎,少量,通常,4.9,393,0,D4
R0368,CT,頭部,少量,通常,1.6,405,0,D1
R0369,X線,四肢,少量,夜間,4.8,375,1,D4
R0370,超音波,脊椎,中量,通常,4.8,292,1,D6
R0371,MRI,腹部,少量,通常,4.4,89,0,D5
R0372,超音波,脊椎,少量,夜間,4.2,128,0,D6
R0373,X線,腹部,少量,通常,0.9,179,0,D4
R0374,MRI,四肢,中量,通常,4.0,88,0,D2
R0375,X線,胸部,中量,通常,0.6,430,1,D4
R0376,CT,四肢,少量,通常,2.4,416,1,D1
R0377,超音波,腹部,大量,通常,1.1,265,0,D6
R0378,MRI,腹部,中量,通常,0.9,195,1,D5
R0379,MRI,腹部,少量,通常,3.5,282,0,D5
R0380,MRI,腹部,少量,通常,3.0,40,0,D5
R0381,X線,脊椎,大量,通常,1.3,361,0,D4
R0382,CT,頭部,大量,夜間,3.1,316,1,D1
R0383,X線,四肢,少量,通常,1.6,175,0,D4
R0384,CT,脊椎,中量,当日,2.6,225,1,D1
R0385,超音波,胸部,中量,当日,3.5,304,1,D6
R0386,超音波,頭部,中量,夜間,3.0,275,0,D6
R0387,MRI,四肢,大量,通常,2.4,155,0,D5
R0388,CT,脊椎,少量,通常,2.7,203,1,D1
R0389,X線,四肢,少量,通常,2.9,50,0,D4
R0390,CT,四肢,大量,通常,2.5,112,1,D3
R0391,超音波,四肢,少量,通常,1.2,229,1,D6
R0392,超音波,胸部,少量,当日,0.6,81,1,D6
R0393,X線,腹部,少量,通常,1.0,277,0,D4
R0394,CT,四肢,大量,通常,3.5,317,0,D3
R0395,超音波,四肢,中量,通常,4.4,243,1,D6
R0396,超音波,脊椎,少量,夜間,3.6,191,0,D6
R0397,CT,胸部,中量,通常,0.9,385,0,D3
R0398,CT,頭部,少量,通常,0.6,69,1,D1
R0399,MRI,四肢,少量,通常,4.8,409,0,D2
R0400,CT,腹部,少量,夜間,4.3,434,0,D1
R0401,MRI,脊椎,中量,当日,0.6,108,1,D2
R0402,CT,頭部,少量,通常,0.9,264,0,D1
R0403,CT,四肢,少量,夜間,2.2,249,0,D1
R0404,CT,頭部,少量,当日,3.9,173,0,D1
R0405,CT,脊椎,少量,夜間,4.9,93,0,D1
R0406,X線,四肢,中量,当日,2.5,218,1,D4
R0407,MRI,四肢,中量,通常,3.8,249,0,D2
R0408,CT,腹部,少量,通常,1.3,166,1,D1
R0409,CT,脊椎,大量,通常,0.9,180,1,D3
R0410,MRI,腹部,中量,夜間,1.7,100,1,D5
R0411,X線,腹部,中量,当日,1.2,301,1,D4
R0412,超音波,頭部,少量,通常,4.1,254,0,D6
R0413,X線,四肢,中量,当日,4.2,75,1,D4
R0414,CT,胸部,中量,通常,4.9,211,1,D3
R0415,MRI,腹部,中量,通常,1.3,259,1,D5
R0416,CT,脊椎,中量,通常,0.5,47,0,D1
R0417,MRI,頭部,大量,夜間,3.6,187,0,D5
R0418,CT,腹部,中量,当日,2.4,63,1,D1
R0419,MRI,脊椎,中量,通常,2.9,81,1,D2
R0420,MRI,頭部,中量,通常,2.6,69,0,D2
R0421,CT,腹部,中量,当日,1.0,64,0,D1
R0422,MRI,胸部,少量,当日,2.3,422,0,D2
R0423,CT,頭部,大量,夜間,4.1,414,0,D1
R0424,CT,腹部,中量,通常,1.1,363,0,D1
R0425,CT,頭部,中量,通常,4.0,372,1,D1
R0426,超音波,頭部,大量,通常,3.4,256,0,D6
R0427,CT,胸部,少量,通常,3.3,437,0,D3
R0428,X線,脊椎,少量,夜間,1.0,133,0,D4
R0429,X線,胸部,中量,夜間,3.9,67,1,D4
R0430,超音波,胸部,中量,通常,1.8,388,0,D6
R0431,X線,胸部,少量,通常,3.1,243,1,D4
R0432,超音波,脊椎,中量,通常,2.1,269,1,D6
R0433,MRI,胸部,少量,通常,2.5,93,1,D2
R0434,X線,脊椎,少量,当日,5.0,305,1,D4
R0435,X線,四肢,中量,通常,0.8,330,1,D4
R0436,CT,胸部,少量,当日,3.6,67,1,D3
R0437,X線,胸部,中量,夜間,1.0,248,0,D4
R0438,CT,頭部,大量,通常,4.2,318,0,D1
R0439,CT,腹部,少量,通常,4.6,233,0,D1
R0440,CT,四肢,少量,当日,1.4,413,0,D1
R0441,超音波,胸部,中量,通常,0.6,73,1,D6
R0442,MRI,四肢,中量,通常,1.8,174,1,D2
R0443,X線,四肢,中量,通常,3.8,258,0,D4
R0444,超音波,腹部,少量,当日,1.4,408,1,D6
R0445,MRI,頭部,大量,通常,3.6,331,0,D5
R0446,X線,胸部,少量,夜間,2.7,446,1,D4
R0447,MRI,腹部,少量,通常,3.3,237,0,D5
R0448,超音波,脊椎,中量,通常,2.1,91,0,D6
R0449,X線,脊椎,大量,通常,1.1,196,1,D4
R0450,超音波,脊椎,大量,通常,1.8,379,0,D6
R0451,X線,脊椎,少量,通常,4.8,271,1,D4
R0452,X線,胸部,中量,通常,1.4,325,0,D4
R0453,CT,脊椎,中量,通常,2.5,391,0,D1
R0454,MRI,胸部,中量,通常,1.8,329,0,D2
R0455,MRI,胸部,中量,当日,3.7,222,0,D2
R0456,MRI,腹部,大量,通常,4.8,166,0,D5
R0457,CT,胸部,少量,通常,2.4,317,0,D3
R0458,MRI,脊椎,少量,夜間,1.4,46,0,D2
R0459,CT,脊椎,大量,通常,2.8,207,1,D3
R0460,CT,胸部,大量,夜間,2.7,54,0,D3
R0461,CT,脊椎,少量,通常,2.8,286,0,D1
R0462,MRI,胸部,少量,通常,2.8,209,1,D2
R0463,X線,胸部,少量,当日,2.2,258,1,D4
R0464,X線,胸部,少量,通常,1.4,230,0,D4
R0465,CT,四肢,大量,当日,1.2,138,1,D3
R0466,X線,胸部,少量,通常,3.4,44,0,D4
R0467,MRI,脊椎,少量,夜間,1.2,391,1,D2
R0468,MRI,腹部,少量,通常,1.1,134,1,D5
R0469,超音波,頭部,大量,夜間,4.0,43,0,D6
R0470,CT,脊椎,中量,当日,1.5,368,1,D1
R0471,超音波,脊椎,中量,当日,2.7,301,1,D6
R0472,MRI,頭部,中量,当日,3.2,265,1,D2
R0473,MRI,腹部,少量,夜間,1.6,436,0,D5
R0474,超音波,胸部,大量,夜間,3.6,119,0,D6
R0475,MRI,腹部,中量,通常,3.2,398,0,D5
R0476,超音波,四肢,少量,当日,1.5,402,0,D6
R0477,MRI,四肢,大量,当日,3.3,110,1,D5
R0478,超音波,胸部,中量,当日,2.0,171,0,D6
R0479,MRI,腹部,少量,夜間,0.6,325,1,D5
R0480,CT,胸部,少量,通常,4.0,374,1,D3
R0481,CT,頭部,少量,当日,2.7,51,1,D1
R0482,CT,胸部,少量,当日,1.9,420,0,D3
R0483,MRI,四肢,中量,夜間,4.2,76,0,D2
R0484,X線,腹部,大量,通常,2.0,293,1,D4
R0485,CT,胸部,大量,通常,2.8,329,1,D3
R0486,X線,腹部,少量,夜間,4.4,298,0,D4
R0487,X線,腹部,中量,通常,4.1,91,0,D4
R0488,CT,四肢,少量,夜間,4.9,69,0,D1
R0489,MRI,腹部,少量,通常,2.8,204,0,D5
R0490,MRI,脊椎,少量,通常,0.5,294,1,D2
R0491,超音波,腹部,少量,当日,1.0,425,0,D6
R0492,MRI,脊椎,大量,夜間,1.4,244,0,D2
R0493,MRI,脊椎,少量,通常,4.8,445,1,D2
R0494,CT,頭部,少量,通常,0.6,237,1,D1
R0495,CT,腹部,少量,通常,3.7,156,1,D1
R0496,超音波,脊椎,少量,通常,2.2,164,0,D6
R0497,X線,脊椎,少量,通常,2.4,128,1,D4
R0498,MRI,脊椎,少量,通常,4.3,164,0,D2
R0499,X線,四肢,少量,当日,2.0,315,0,D4
R0500,超音波,四肢,少量,夜間,0.7,281,0,D6
R0501,超音波,腹部,中量,通常,4.5,340,0,D6
R0502,CT,腹部,中量,通常,4.8,327,0,D1
R0503,X線,四肢,少量,通常,2.4,193,1,D4
R0504,CT,胸部,中量,当日,4.1,229,0,D3
R0505,CT,胸部,大量,夜間,0.8,388,0,D3
R0506,X線,腹部,中量,通常,2.7,92,1,D4
R0507,MRI,頭部,少量,通常,1.1,382,1,D2
R0508,MRI,四肢,中量,夜間,3.3,307,0,D2
R0509,CT,腹部,大量,通常,2.9,285,0,D3
R0510,超音波,胸部,少量,通常,2.3,230,0,D6
R0511,CT,頭部,中量,通常,4.3,425,0,D1
R0512,超音波,頭部,中量,通常,0.9,135,0,D6
R0513,超音波,腹部,大量,夜間,1.4,430,1,D6
R0514,CT,四肢,中量,通常,1.5,310,0,D1
R0515,CT,頭部,少量,夜間,2.4,70,0,D1
R0516,CT,胸部,少量,通常,1.7,366,1,D3
R0517,X線,胸部,中量,当日,1.8,175,0,D4
R0518,超音波,腹部,少量,当日,2.5,387,1,D6
R0519,CT,頭部,少量,通常,4.0,420,1,D1
R0520,MRI,頭部,中量,夜間,1.0,61,0,D2
R0521,超音波,胸部,少量,通常,1.3,80,0,D6
R0522,CT,腹部,中量,通常,2.9,204,0,D1
R0523,X線,脊椎,少量,当日,1.8,267,0,D4
R0524,X線,四肢,大量,通常,2.5,363,0,D4
R0525,X線,脊椎,大量,夜間,0.7,91,0,D4
R0526,MRI,脊椎,少量,通常,2.6,113,1,D2
R0527,X線,胸部,中量,通常,1.7,120,0,D4
R0528,X線,頭部,少量,当日,4.0,188,0,D4
R0529,超音波,脊椎,中量,当日,4.7,381,1,D6
R0530,X線,四肢,少量,通常,4.2,152,0,D4
R0531,X線,頭部,少量,当日,2.6,434,0,D4
R0532,MRI,頭部,大量,当日,3.7,250,1,D5
R0533,MRI,四肢,大量,通常,4.1,223,1,D5
R0534,CT,腹部,少量,当日,4.2,438,1,D1
R0535,CT,腹部,大量,通常,2.8,158,1,D3
R0536,X線,腹部,少量,通常,1.6,422,0,D4
R0537,超音波,脊椎,少量,通常,3.2,126,0,D6
R0538,X線,腹部,中量,通常,4.2,232,0,D4
R0539,X線,脊椎,中量,夜間,1.5,378,1,D4
R0540,X線,脊椎,中量,通常,3.9,184,1,D4
R0541,超音波,四肢,中量,通常,3.3,73,1,D6
R0542,超音波,胸部,少量,通常,3.0,145,0,D6
R0543,超音波,頭部,中量,通常,2.3,446,1,D6
R0544,超音波,胸部,中量,通常,4.2,282,0,D6
R0545,CT,腹部,大量,通常,3.0,274,1,D3
R0546,MRI,腹部,中量,通常,0.8,243,1,D5
R0547,超音波,頭部,中量,夜間,1.3,255,1,D6
R0548,超音波,頭部,少量,通常,1.3,43,1,D6
R0549,超音波,腹部,少量,通常,3.1,100,1,D6
R0550,CT,胸部,大量,通常,1.7,370,1,D3
R0551,超音波,腹部,少量,通常,2.0,288,0,D6
R0552,超音波,頭部,大量,通常,2.5,292,0,D6
R0553,MRI,頭部,少量,通常,1.9,324,0,D2
R0554,X線,頭部,中量,通常,2.8,184,0,D4
R0555,CT,胸部,大量,通常,4.6,89,0,D3
R0556,超音波,胸部,少量,通常,2.2,321,0,D6
R0557,MRI,腹部,少量,通常,4.9,181,0,D5
R0558,MRI,胸部,中量,通常,3.1,295,1,D2
R0559,MRI,胸部,中量,夜間,2.1,294,1,D2
R0560,X線,頭部,少量,当日,4.1,411,1,D4
R0561,超音波,腹部,中量,当日,4.9,226,1,D6
R0562,CT,頭部,大量,通常,2.8,268,1,D1
R0563,X線,胸部,少量,通常,2.1,180,1,D4
R0564,X線,脊椎,大量,通常,3.6,143,0,D4
R0565,X線,胸部,中量,夜間,2.7,73,1,D4
R0566,X線,腹部,少量,通常,0.9,398,0,D4
R0567,超音波,脊椎,中量,当日,2.1,245,1,D6
R0568,MRI,腹部,大量,通常,0.8,268,1,D5
R0569,X線,四肢,大量,通常,2.6,284,1,D4
R0570,MRI,頭部,大量,通常,4.3,126,1,D5
R0571,MRI,四肢,少量,当日,0.7,177,1,D2
R0572,MRI,脊椎,大量,通常,0.6,445,0,D2
R0573,CT,四肢,大量,通常,1.3,320,1,D3
R0574,超音波,胸部,大量,通常,4.2,111,1,D6
R0575,X線,腹部,少量,通常,1.6,418,1,D4
R0576,超音波,胸部,中量,通常,3.5,116,0,D6
R0577,X線,腹部,中量,通常,0.6,298,0,D4
R0578,超音波,脊椎,少量,通常,3.6,241,1,D6
R0579,MRI,頭部,中量,当日,3.0,352,0,D2
R0580,X線,脊椎,少量,夜間,2.6,73,1,D4
R0581,MRI,脊椎,中量,夜間,0.8,94,1,D2
R0582,超音波,頭部,中量,夜間,1.8,395,0,D6
R0583,X線,脊椎,少量,夜間,1.9,417,1,D4
R0584,CT,四肢,中量,夜間,2.9,360,1,D1
R0585,X線,四肢,中量,通常,3.8,370,0,D4
R0586,X線,頭部,中量,夜間,4.2,141,0,D4
R0587,超音波,頭部,中量,夜間,0.7,353,0,D6
R0588,X線,脊椎,大量,夜間,3.2,138,0,D4
R0589,CT,腹部,中量,通常,1.8,106,0,D1
R0590,X線,頭部,少量,通常,1.9,131,1,D4
R0591,超音波,頭部,少量,夜間,4.8,41,0,D6
R0592,CT,脊椎,大量,当日,4.6,270,0,D3
R0593,CT,頭部,少量,夜間,2.8,138,1,D1
R0594,MRI,腹部,中量,夜間,3.6,50,1,D5
R0595,MRI,四肢,少量,夜間,2.2,350,1,D2
R0596,超音波,胸部,少量,通常,2.5,93,0,D6
R0597,CT,四肢,少量,当日,0.9,434,1,D1
R0598,CT,四肢,大量,通常,1.6,350,1,D3
R0599,X線,腹部,少量,夜間,0.9,188,0,D4
R0600,X線,胸部,少量,夜間,1.8,106,1,D4
R0601,X線,腹部,中量,夜間,0.6,159,0,D4
R0602,CT,脊椎,少量,当日,2.5,306,1,D1
R0603,超音波,頭部,中量,通常,1.4,146,1,D6
R0604,CT,腹部,大量,夜間,0.9,265,0,D3
R0605,CT,四肢,少量,通常,2.8,264,0,D1
R0606,MRI,四肢,少量,当日,4.5,58,0,D2
R0607,CT,腹部,少量,夜間,1.0,65,1,D1
R0608,X線,胸部,大量,夜間,3.6,208,0,D4
R0609,CT,四肢,中量,夜間,0.6,439,1,D1
R0610,超音波,頭部,中量,通常,1.4,239,0,D6
R0611,CT,頭部,大量,夜間,3.1,158,1,D1
R0612,MRI,頭部,少量,当日,3.0,449,1,D2
R0613,X線,四肢,少量,当日,4.2,350,1,D4
R0614,超音波,四肢,中量,通常,4.4,119,1,D6
R0615,CT,腹部,中量,通常,1.0,298,1,D1
R0616,CT,頭部,少量,当日,0.6,442,0,D1
R0617,MRI,腹部,大量,夜間,4.0,259,1,D5
R0618,CT,腹部,大量,当日,2.9,412,0,D3
R0619,MRI,頭部,大量,通常,3.9,157,0,D5
R0620,超音波,腹部,中量,当日,4.4,140,1,D6
R0621,X線,頭部,中量,夜間,4.1,115,0,D4
R0622,超音波,脊椎,中量,通常,1.9,428,1,D6
R0623,X線,胸部,少量,当日,4.9,366,1,D4
R0624,MRI,頭部,少量,通常,2.0,247,0,D2
R0625,X線,胸部,大量,当日,1.8,367,0,D4
R0626,超音波,腹部,少量,当日,3.0,191,1,D6
R0627,CT,腹部,少量,夜間,4.0,435,1,D1
R0628,X線,四肢,少量,夜間,0.5,136,1,D4
R0629,X線,胸部,大量,当日,3.4,362,1,D4
R0630,CT,腹部,大量,当日,0.7,88,1,D3
R0631,MRI,腹部,中量,通常,0.8,323,0,D5
R0632,X線,脊椎,少量,通常,3.1,340,0,D4
R0633,CT,頭部,大量,通常,2.8,348,0,D1
R0634,CT,胸部,中量,通常,2.7,179,1,D3
R0635,CT,腹部,中量,通常,2.2,166,0,D1
R0636,MRI,頭部,大量,当日,5.0,175,1,D5
R0637,X線,四肢,中量,通常,2.4,245,1,D4
R0638,MRI,脊椎,少量,通常,0.7,425,0,D2
R0639,CT,胸部,少量,通常,4.1,434,0,D3
R0640,MRI,四肢,大量,通常,3.6,398,1,D5
R0641,CT,四肢,中量,当日,2.0,310,0,D1
R0642,MRI,脊椎,中量,当日,1.0,316,0,D2
R0643,MRI,胸部,少量,通常,2.1,404,1,D2
R0644,CT,胸部,中量,通常,3.1,165,0,D3
R0645,CT,腹部,少量,夜間,1.6,57,1,D1
R0646,CT,胸部,少量,通常,2.7,427,0,D3
R0647,超音波,胸部,大量,通常,4.0,63,1,D6
R0648,CT,胸部,中量,通常,1.5,295,1,D3
R0649,X線,四肢,少量,当日,3.6,289,0,D4
R0650,超音波,四肢,大量,夜間,0.5,213,0,D6
R0651,CT,腹部,中量,通常,0.5,363,0,D1
R0652,MRI,四肢,少量,当日,2.5,283,0,D2
R0653,MRI,腹部,中量,通常,0.8,234,0,D5
R0654,CT,頭部,中量,通常,1.0,60,1,D1
R0655,X線,頭部,少量,通常,4.9,177,1,D4
R0656,MRI,頭部,大量,当日,2.4,77,1,D5
R0657,超音波,頭部,少量,通常,1.3,359,1,D6
R0658,X線,脊椎,少量,当日,5.0,450,1,D4
R0659,CT,頭部,大量,当日,4.5,435,0,D1
R0660,MRI,胸部,中量,当日,1.0,270,1,D2
R0661,CT,胸部,中量,通常,3.4,312,0,D3
R0662,MRI,四肢,中量,通常,1.9,117,0,D2
R0663,MRI,腹部,中量,通常,0.6,422,0,D5
R0664,MRI,腹部,中量,当日,3.4,177,0,D5
R0665,MRI,胸部,少量,通常,3.1,189,0,D2
R0666,超音波,脊椎,大量,通常,1.4,359,1,D6
R0667,CT,頭部,大量,当日,1.8,68,1,D1
R0668,MRI,脊椎,少量,夜間,0.7,403,1,D2
R0669,MRI,胸部,中量,通常,0.8,142,1,D2
R0670,超音波,頭部,少量,当日,1.6,99,1,D6
R0671,X線,脊椎,中量,夜間,3.3,95,0,D4
R0672,超音波,胸部,少量,通常,3.0,169,1,D6
R0673,MRI,腹部,少量,通常,4.0,407,0,D5
R0674,超音波,頭部,中量,夜間,4.2,382,1,D6
R0675,超音波,頭部,少量,当日,1.9,138,1,D6
R0676,X線,胸部,中量,通常,4.4,197,1,D4
R0677,CT,腹部,少量,通常,4.6,348,0,D1
R0678,CT,腹部,少量,通常,1.6,222,0,D1
R0679,CT,頭部,少量,通常,3.1,277,1,D1
R0680,CT,脊椎,大量,当日,3.2,281,1,D3
R0681,MRI,腹部,少量,夜間,2.6,341,0,D5
R0682,MRI,脊椎,中量,通常,1.7,208,1,D2
R0683,CT,四肢,大量,通常,3.5,441,1,D3
R0684,CT,四肢,中量,通常,3.3,48,0,D1
R0685,X線,四肢,少量,通常,4.9,192,1,D4
R0686,MRI,胸部,少量,通常,0.7,367,1,D2
R0687,超音波,頭部,中量,通常,2.1,421,0,D6
R0688,MRI,腹部,少量,夜間,2.2,409,0,D5
R0689,X線,胸部,大量,通常,2.2,375,0,D4
R0690,CT,頭部,少量,通常,1.3,177,0,D1
R0691,X線,胸部,少量,当日,2.2,368,1,D4
R0692,CT,胸部,中量,夜間,0.7,320,1,D3
R0693,CT,脊椎,中量,通常,1.5,387,0,D1
R0694,X線,頭部,大量,夜間,4.6,288,0,D4
R0695,CT,胸部,中量,通常,1.6,177,1,D3
R0696,MRI,頭部,中量,通常,1.1,360,1,D2
R0697,超音波,腹部,少量,通常,1.0,359,0,D6
R0698,超音波,頭部,少量,夜間,0.9,411,1,D6
R0699,X線,四肢,中量,夜間,2.8,268,0,D4
R0700,CT,腹部,中量,夜間,1.2,82,0,D1
R0701,X線,胸部,少量,当日,1.9,146,1,D4
R0702,MRI,四肢,大量,通常,4.4,374,1,D5
R0703,X線,四肢,中量,通常,3.4,81,0,D4
R0704,MRI,頭部,少量,通常,3.7,306,1,D2
R0705,X線,脊椎,大量,夜間,2.3,437,0,D4
R0706,CT,腹部,少量,夜間,3.3,270,0,D1
R0707,CT,頭部,中量,通常,4.6,277,1,D1
R0708,X線,脊椎,大量,通常,3.3,168,0,D4
R0709,X線,頭部,中量,当日,4.1,390,0,D4
R0710,MRI,四肢,少量,通常,1.7,164,1,D2
R0711,CT,胸部,中量,通常,0.7,306,1,D3
R0712,MRI,脊椎,大量,通常,0.8,121,1,D2
R0713,MRI,胸部,少量,当日,1.6,392,0,D2
R0714,X線,胸部,少量,当日,3.3,106,1,D4
R0715,X線,四肢,少量,通常,3.8,364,0,D4
R0716,X線,腹部,大量,通常,2.3,429,1,D4
R0717,超音波,脊椎,中量,通常,3.7,273,1,D6
R0718,MRI,脊椎,中量,通常,4.5,260,0,D2
R0719,CT,頭部,少量,夜間,1.8,339,1,D1
R0720,CT,脊椎,少量,通常,3.5,335,1,D1
R0721,X線,腹部,中量,通常,1.8,190,1,D4
R0722,MRI,脊椎,中量,通常,0.7,68,1,D2
R0723,超音波,四肢,大量,通常,4.6,328,0,D6
R0724,超音波,脊椎,少量,夜間,4.1,394,0,D6
R0725,CT,頭部,少量,通常,3.1,252,1,D1
R0726,X線,腹部,少量,通常,4.7,251,0,D4
R0727,CT,四肢,少量,当日,1.3,309,1,D1
R0728,CT,頭部,中量,通常,3.8,450,1,D1
R0729,X線,四肢,少量,夜間,2.4,433,0,D4
R0730,CT,胸部,少量,当日,2.3,150,1,D3
R0731,CT,四肢,中量,夜間,2.8,81,1,D1
R0732,CT,四肢,中量,当日,0.7,197,1,D1
R0733,CT,四肢,少量,当日,3.5,406,1,D1
R0734,CT,胸部,中量,夜間,4.9,336,1,D3
R0735,CT,腹部,少量,通常,3.4,244,1,D1
R0736,超音波,頭部,大量,当日,1.8,235,1,D6
R0737,超音波,胸部,中量,通常,4.6,116,1,D6
R0738,超音波,頭部,少量,当日,1.7,131,0,D6
R0739,X線,脊椎,大量,当日,3.9,358,0,D4
R0740,CT,四肢,少量,通常,3.2,84,0,D1
R0741,超音波,腹部,中量,通常,0.8,154,0,D6
R0742,CT,四肢,少量,当日,1.7,381,1,D1
R0743,X線,脊椎,中量,通常,3.3,283,0,D4
R0744,超音波,頭部,中量,通常,3.5,48,0,D6
R0745,超音波,脊椎,少量,通常,4.6,343,0,D6
R0746,MRI,胸部,中量,通常,0.6,82,1,D2
R0747,MRI,脊椎,少量,通常,1.0,180,1,D2
R0748,超音波,四肢,大量,当日,2.3,71,0,D6
R0749,X線,胸部,少量,通常,4.6,297,0,D4
R0750,MRI,胸部,大量,夜間,2.6,255,1,D5
R0751,MRI,腹部,少量,当日,3.7,109,0,D5
R0752,MRI,脊椎,大量,夜間,4.2,419,0,D2
R0753,MRI,腹部,中量,夜間,0.6,331,1,D5
R0754,MRI,胸部,中量,通常,3.9,387,0,D2
R0755,X線,胸部,中量,通常,1.8,360,0,D4
R0756,CT,胸部,大量,通常,2.1,205,0,D3
R0757,MRI,頭部,少量,通常,3.3,61,1,D2
R0758,超音波,腹部,中量,通常,3.1,58,0,D6
R0759,超音波,頭部,大量,通常,2.3,240,0,D6
R0760,CT,胸部,少量,通常,1.4,200,0,D3
R0761,MRI,脊椎,少量,夜間,1.6,43,0,D2
R0762,CT,四肢,大量,当日,0.5,363,1,D3
R0763,CT,四肢,少量,通常,1.1,412,1,D1
R0764,X線,胸部,中量,通常,3.2,331,1,D4
R0765,X線,胸部,中量,通常,2.2,52,1,D4
R0766,CT,脊椎,中量,当日,1.4,59,0,D1
R0767,CT,頭部,中量,夜間,3.8,400,0,D1
R0768,CT,頭部,大量,通常,3.2,258,1,D1
R0769,X線,脊椎,中量,通常,0.6,211,1,D4
R0770,超音波,脊椎,中量,通常,0.6,259,0,D6
R0771,超音波,腹部,中量,当日,2.3,419,1,D6
R0772,CT,頭部,中量,通常,1.3,131,1,D1
R0773,超音波,四肢,少量,通常,0.9,363,1,D6
R0774,超音波,頭部,中量,夜間,3.2,367,0,D6
R0775,MRI,腹部,少量,当日,3.3,225,1,D5
R0776,CT,胸部,中量,通常,3.1,357,1,D3
R0777,CT,腹部,少量,通常,4.6,295,0,D1
R0778,超音波,脊椎,少量,通常,3.4,49,0,D6
R0779,CT,胸部,大量,通常,3.0,260,0,D3
R0780,X線,脊椎,大量,通常,2.7,313,1,D4
R0781,X線,脊椎,少量,夜間,4.8,144,0,D4
R0782,X線,頭部,少量,通常,1.0,346,1,D4
R0783,MRI,胸部,中量,通常,3.0,73,1,D2
R0784,CT,腹部,少量,夜間,1.7,56,0,D1
R0785,超音波,胸部,中量,当日,3.4,238,1,D6
R0786,超音波,頭部,中量,夜間,4.0,149,0,D6
R0787,MRI,腹部,少量,通常,4.4,141,0,D5
R0788,MRI,腹部,大量,通常,3.5,235,0,D5
R0789,超音波,脊椎,大量,通常,3.3,138,0,D6
R0790,CT,頭部,中量,通常,4.5,433,0,D1
R0791,MRI,四肢,少量,当日,4.0,428,1,D2
R0792,CT,脊椎,大量,通常,4.7,324,0,D3
R0793,MRI,頭部,中量,当日,3.0,408,1,D2
R0794,MRI,頭部,中量,通常,3.3,104,1,D2
R0795,超音波,頭部,中量,夜間,4.1,405,1,D6
R0796,MRI,頭部,少量,夜間,4.2,220,1,D2
R0797,超音波,脊椎,大量,夜間,2.2,193,0,D6
R0798,CT,胸部,中量,通常,2.4,194,1,D3
R0799,超音波,脊椎,中量,通常,4.7,417,1,D6
R0800,超音波,胸部,中量,夜間,4.2,135,0,D6
R0801,X線,腹部,中量,通常,1.9,239,0,D4
R0802,CT,頭部,中量,通常,0.7,207,1,D1
R0803,X線,脊椎,少量,通常,3.9,240,0,D4
R0804,CT,胸部,少量,通常,1.8,158,0,D3
R0805,CT,腹部,中量,通常,2.5,112,0,D1
R0806,超音波,四肢,少量,通常,2.2,243,1,D6
R0807,X線,胸部,少量,通常,3.8,195,1,D4
R0808,超音波,脊椎,中量,通常,3.8,254,1,D6
R0809,MRI,胸部,少量,通常,3.2,74,1,D2
R0810,超音波,脊椎,中量,当日,2.9,226,0,D6
R0811,MRI,四肢,中量,通常,3.7,216,1,D2
R0812,MRI,胸部,少量,通常,2.4,181,1,D2
R0813,MRI,脊椎,少量,当日,0.6,412,0,D2
R0814,超音波,頭部,大量,通常,0.6,343,0,D6
R0815,MRI,胸部,少量,通常,4.5,153,0,D2
R0816,X線,頭部,大量,当日,1.2,316,1,D4
R0817,超音波,腹部,中量,夜間,3.0,269,0,D6
R0818,X線,頭部,大量,夜間,0.9,151,1,D4
R0819,超音波,頭部,少量,通常,1.1,46,1,D6
R0820,超音波,腹部,少量,通常,2.3,62,0,D6
R0821,X線,頭部,大量,通常,2.8,119,0,D4
R0822,MRI,脊椎,少量,通常,1.0,182,1,D2
R0823,超音波,脊椎,大量,通常,3.3,220,0,D6
R0824,MRI,頭部,中量,通常,1.1,354,0,D2
R0825,X線,胸部,中量,当日,4.2,133,1,D4
R0826,CT,脊椎,少量,夜間,4.0,263,0,D1
R0827,超音波,頭部,大量,通常,2.5,92,0,D6
R0828,CT,頭部,少量,通常,0.5,363,0,D1
R0829,X線,腹部,大量,通常,4.6,42,1,D4
R0830,超音波,脊椎,少量,通常,4.1,71,1,D6
R0831,MRI,四肢,少量,通常,4.4,311,1,D2
R0832,X線,脊椎,大量,通常,4.5,280,0,D4
R0833,X線,四肢,少量,通常,2.1,265,0,D4
R0834,MRI,胸部,中量,通常,2.2,189,1,D2
R0835,CT,胸部,中量,当日,2.4,420,1,D3
R0836,MRI,脊椎,少量,通常,4.3,275,1,D2
R0837,超音波,頭部,少量,当日,1.1,318,1,D6
R0838,CT,頭部,大量,当日,2.1,304,0,D1
R0839,超音波,四肢,中量,通常,3.9,196,0,D6
R0840,X線,脊椎,少量,通常,0.5,335,1,D4
R0841,MRI,四肢,中量,当日,4.7,88,1,D2
R0842,MRI,頭部,中量,当日,0.8,249,1,D2
R0843,CT,胸部,少量,当日,1.9,183,1,D3
R0844,X線,四肢,少量,夜間,3.4,276,1,D4
R0845,超音波,胸部,少量,当日,2.2,166,0,D6
R0846,X線,頭部,少量,当日,0.6,448,0,D4
R0847,CT,脊椎,少量,通常,2.6,424,0,D1
R0848,超音波,脊椎,大量,夜間,1.5,272,1,D6
R0849,MRI,胸部,中量,当日,4.3,77,0,D2
R0850,超音波,腹部,少量,当日,2.8,318,0,D6
R0851,CT,脊椎,中量,夜間,4.0,76,0,D1
R0852,MRI,脊椎,中量,夜間,2.8,408,0,D2
R0853,MRI,腹部,中量,当日,3.4,308,0,D5
R0854,X線,脊椎,少量,当日,4.4,369,1,D4
R0855,CT,脊椎,中量,夜間,1.4,411,0,D1
R0856,MRI,四肢,少量,通常,3.6,65,0,D2
R0857,CT,腹部,中量,夜間,2.8,101,0,D1
R0858,MRI,腹部,中量,通常,1.8,151,0,D5
R0859,CT,腹部,少量,通常,4.7,423,1,D1
R0860,MRI,胸部,大量,通常,3.0,278,1,D5
R0861,MRI,四肢,少量,通常,4.6,56,0,D2
R0862,X線,胸部,少量,当日,2.4,200,1,D4
R0863,超音波,腹部,大量,通常,0.7,109,1,D6
R0864,X線,脊椎,中量,通常,1.5,331,1,D4
R0865,CT,脊椎,少量,夜間,3.8,390,0,D1
R0866,MRI,頭部,少量,通常,4.1,224,0,D2
R0867,超音波,頭部,大量,当日,3.1,183,1,D6
R0868,CT,頭部,中量,通常,4.8,202,1,D1
R0869,X線,四肢,少量,通常,3.8,99,0,D4
R0870,CT,頭部,中量,当日,4.6,156,1,D1
R0871,CT,頭部,大量,通常,1.4,113,0,D1
R0872,MRI,頭部,中量,当日,2.9,70,1,D2
R0873,超音波,脊椎,少量,当日,1.2,170,1,D6
R0874,CT,四肢,中量,夜間,4.3,360,1,D1
R0875,X線,頭部,中量,通常,0.7,394,1,D4
R0876,X線,腹部,少量,夜間,4.3,80,1,D4
R0877,CT,胸部,少量,夜間,1.2,397,1,D3
R0878,CT,腹部,少量,通常,1.3,120,0,D1
R0879,MRI,脊椎,少量,通常,2.0,282,0,D2
R0880,CT,脊椎,少量,当日,3.0,382,0,D1
R0881,MRI,脊椎,少量,通常,0.7,148,0,D2
R0882,CT,頭部,大量,当日,2.5,426,1,D1
R0883,MRI,腹部,大量,夜間,3.8,47,1,D5
R0884,MRI,脊椎,少量,通常,1.2,98,1,D2
R0885,X線,四肢,少量,通常,2.9,313,0,D4
R0886,MRI,脊椎,大量,通常,3.0,234,1,D2
R0887,X線,腹部,少量,通常,3.8,196,0,D4
R0888,CT,頭部,少量,夜間,3.8,414,0,D1
R0889,超音波,腹部,少量,通常,0.5,409,0,D6
R0890,X線,脊椎,中量,通常,1.9,252,0,D4
R0891,X線,胸部,少量,夜間,0.6,370,1,D4
R0892,CT,胸部,少量,夜間,2.7,167,0,D3
R0893,超音波,四肢,中量,通常,1.5,115,1,D6
R0894,超音波,頭部,中量,夜間,1.0,179,0,D6
R0895,MRI,脊椎,大量,当日,2.9,259,0,D2
R0896,超音波,頭部,中量,当日,3.4,357,0,D6
R0897,超音波,脊椎,少量,当日,2.1,64,1,D6
R0898,CT,四肢,中量,通常,2.5,68,1,D1
R0899,MRI,胸部,少量,通常,4.5,309,1,D2
R0900,CT,脊椎,中量,夜間,2.9,87,1,D1
R0901,超音波,脊椎,少量,通常,1.2,401,0,D6
R0902,X線,胸部,少量,通常,4.7,348,0,D4
R0903,X線,腹部,中量,通常,1.2,55,1,D4
R0904,X線,腹部,少量,当日,0.8,407,0,D4
R0905,超音波,四肢,中量,通常,1.6,266,1,D6
R0906,超音波,腹部,中量,当日,2.3,246,1,D6
R0907,超音波,腹部,少量,夜間,4.3,391,1,D6
R0908,MRI,脊椎,大量,当日,3.0,232,0,D2
R0909,X線,脊椎,少量,当日,4.5,260,1,D4
R0910,CT,腹部,少量,当日,4.9,48,0,D1
R0911,MRI,腹部,中量,通常,1.0,177,0,D5
R0912,MRI,頭部,中量,通常,2.1,129,1,D2
R0913,超音波,腹部,少量,通常,4.5,354,1,D6
R0914,MRI,腹部,少量,夜間,1.9,63,1,D5
R0915,CT,腹部,大量,夜間,0.6,236,1,D3
R0916,CT,頭部,大量,当日,4.0,380,1,D1
R0917,超音波,頭部,中量,通常,0.7,61,1,D6
R0918,X線,脊椎,大量,通常,0.9,338,1,D4
R0919,CT,腹部,中量,通常,4.4,216,0,D1
R0920,X線,頭部,中量,通常,0.9,55,0,D4
R0921,MRI,四肢,少量,当日,2.2,289,1,D2
R0922,超音波,四肢,大量,当日,3.7,446,0,D6
R0923,CT,四肢,中量,当日,0.7,363,1,D1
R0924,X線,腹部,大量,当日,4.5,144,0,D4
R0925,MRI,腹部,大量,当日,1.5,215,1,D5
R0926,X線,四肢,大量,当日,3.6,181,0,D4
R0927,MRI,脊椎,大量,通常,1.0,184,1,D2
R0928,CT,四肢,少量,通常,3.5,75,1,D1
R0929,CT,脊椎,少量,通常,3.3,211,1,D1
R0930,CT,胸部,中量,当日,2.4,123,0,D3
R0931,MRI,脊椎,少量,通常,4.2,300,1,D2
R0932,X線,脊椎,中量,当日,3.4,87,1,D4
R0933,超音波,四肢,大量,夜間,1.0,257,1,D6
R0934,CT,胸部,中量,当日,2.7,432,1,D3
R0935,超音波,胸部,少量,夜間,3.5,191,0,D6
R0936,CT,腹部,中量,通常,3.4,343,0,D1
R0937,CT,脊椎,大量,通常,3.6,274,1,D3
R0938,MRI,頭部,少量,夜間,1.5,174,0,D2
R0939,超音波,脊椎,少量,通常,2.8,165,0,D6
R0940,CT,腹部,大量,通常,2.2,213,0,D3
R0941,MRI,四肢,中量,夜間,1.7,210,1,D2
R0942,X線,腹部,大量,通常,0.8,228,1,D4
R0943,X線,腹部,中量,通常,2.8,190,1,D4
R0944,超音波,四肢,大量,通常,1.7,385,1,D6
R0945,X線,四肢,少量,夜間,3.9,415,1,D4
R0946,CT,四肢,少量,当日,4.5,145,1,D1
R0947,X線,脊椎,少量,通常,3.9,282,1,D4
R0948,X線,四肢,少量,夜間,5.0,190,1,D4
R0949,CT,脊椎,中量,通常,1.7,107,1,D1
R0950,CT,四肢,大量,当日,2.2,68,1,D3
R0951,MRI,脊椎,中量,当日,3.8,123,1,D2
R0952,CT,腹部,少量,当日,1.8,419,1,D1
R0953,MRI,胸部,大量,当日,1.1,66,1,D5
R0954,MRI,四肢,中量,夜間,2.0,199,1,D2
R0955,超音波,腹部,大量,通常,3.5,111,1,D6
R0956,MRI,脊椎,少量,夜間,2.8,173,0,D2
R0957,CT,胸部,少量,夜間,3.5,132,1,D3
R0958,X線,腹部,少量,通常,1.2,48,1,D4
R0959,MRI,頭部,中量,通常,3.8,52,0,D2
R0960,MRI,腹部,少量,夜間,1.4,337,0,D5
R0961,CT,腹部,少量,通常,1.9,90,1,D1
R0962,超音波,腹部,少量,通常,0.7,44,1,D6
R0963,X線,四肢,中量,通常,2.4,287,1,D4
R0964,MRI,腹部,少量,通常,4.1,406,0,D5
R0965,CT,脊椎,中量,通常,3.0,412,0,D1
R0966,CT,頭部,少量,通常,3.1,381,1,D1
R0967,MRI,頭部,少量,通常,4.7,123,1,D2
R0968,CT,脊椎,中量,夜間,4.4,376,0,D1
R0969,超音波,四肢,中量,当日,1.2,309,1,D6
R0970,MRI,四肢,少量,通常,2.7,303,0,D2
R0971,超音波,脊椎,少量,夜間,3.3,348,1,D6
R0972,CT,胸部,大量,通常,4.0,385,1,D3
R0973,X線,四肢,少量,通常,3.9,94,1,D4
R0974,MRI,腹部,大量,当日,4.0,158,0,D5
R0975,CT,脊椎,少量,当日,3.5,271,1,D1
R0976,CT,四肢,少量,通常,3.1,409,1,D1
R0977,MRI,四肢,少量,通常,3.4,211,1,D2
R0978,CT,腹部,少量,通常,4.8,445,1,D1
R0979,CT,腹部,少量,当日,4.9,381,1,D1
R0980,X線,四肢,大量,通常,2.4,111,1,D4
R0981,MRI,頭部,中量,通常,3.4,177,1,D2
R0982,X線,四肢,少量,当日,3.9,119,0,D4
R0983,CT,頭部,大量,夜間,2.0,126,1,D1
R0984,X線,頭部,中量,通常,1.8,360,0,D4
R0985,X線,四肢,少量,当日,1.3,219,0,D4
R0986,MRI,脊椎,少量,当日,2.9,121,1,D2
R0987,CT,四肢,少量,当日,1.7,93,1,D1
R0988,超音波,胸部,大量,通常,1.2,100,0,D6
R0989,X線,頭部,大量,通常,4.6,92,1,D4
R0990,CT,腹部,中量,夜間,3.7,396,0,D1
R0991,X線,胸部,少量,当日,4.1,376,0,D4
R0992,MRI,胸部,中量,通常,1.0,190,1,D2
R0993,MRI,頭部,大量,当日,0.6,52,0,D5
R0994,X線,腹部,少量,夜間,4.6,243,1,D4
R0995,X線,腹部,中量,当日,1.4,174,0,D4
R0996,超音波,腹部,少量,当日,1.4,205,0,D6
R0997,CT,腹部,中量,通常,4.3,329,0,D1
R0998,X線,頭部,中量,通常,3.6,74,1,D4
R0999,CT,脊椎,大量,当日,4.7,447,0,D3
R1000,CT,腹部,少量,通常,4.9,200,1,D1
R1001,X線,腹部,中量,通常,4.1,431,0,D4
R1002,X線,四肢,中量,通常,3.2,386,1,D4
R1003,CT,胸部,大量,通常,1.8,395,1,D3
R1004,CT,胸部,少量,通常,1.3,169,1,D3
R1005,X線,頭部,少量,通常,4.5,126,1,D4
R1006,CT,四肢,大量,通常,2.7,174,1,D3
R1007,CT,胸部,大量,通常,2.0,444,1,D3
R1008,MRI,腹部,少量,通常,0.7,401,0,D5
R1009,超音波,四肢,中量,通常,4.4,433,1,D6
R1010,X線,脊椎,中量,通常,4.1,344,0,D4
R1011,X線,腹部,大量,夜間,1.7,408,1,D4
R1012,MRI,腹部,中量,当日,4.1,445,1,D5
R1013,MRI,脊椎,中量,通常,1.8,161,0,D2
R1014,MRI,腹部,大量,当日,1.9,263,1,D5
R1015,超音波,腹部,中量,通常,0.5,94,1,D6
R1016,MRI,頭部,少量,通常,2.8,264,1,D2
R1017,超音波,胸部,中量,通常,0.8,440,0,D6
R1018,CT,頭部,少量,当日,2.7,250,0,D1
R1019,超音波,腹部,少量,通常,3.2,106,1,D6
R1020,超音波,腹部,少量,当日,1.4,294,1,D6
R1021,CT,脊椎,少量,通常,0.8,388,0,D1
R1022,X線,胸部,少量,通常,2.6,190,0,D4
R1023,MRI,腹部,大量,当日,3.2,69,1,D5
R1024,MRI,四肢,少量,夜間,4.5,60,1,D2
R1025,X線,四肢,少量,当日,1.5,298,0,D4
R1026,CT,腹部,中量,夜間,2.2,104,0,D1
R1027,X線,腹部,大量,夜間,4.2,199,0,D4
R1028,CT,胸部,中量,通常,3.4,232,0,D3
R1029,CT,胸部,大量,夜間,2.6,433,1,D3
R1030,CT,頭部,大量,当日,2.1,245,1,D1
R1031,MRI,頭部,大量,通常,2.5,95,1,D5
R1032,X線,脊椎,中量,当日,2.8,63,0,D4
R1033,超音波,胸部,少量,通常,1.0,169,0,D6
R1034,CT,頭部,少量,夜間,4.0,422,0,D1
R1035,X線,腹部,中量,通常,2.7,410,0,D4
R1036,超音波,四肢,少量,通常,4.1,139,1,D6
R1037,MRI,脊椎,中量,通常,1.0,354,1,D2
R1038,X線,脊椎,中量,通常,3.6,445,0,D4
R1039,MRI,胸部,大量,夜間,4.2,188,1,D5
R1040,MRI,脊椎,大量,夜間,3.8,374,1,D2
R1041,MRI,頭部,少量,夜間,1.0,401,1,D2
R1042,超音波,四肢,少量,夜間,2.2,366,1,D6
R1043,X線,腹部,中量,通常,0.9,252,1,D4
R1044,X線,腹部,少量,夜間,3.6,443,1,D4
R1045,CT,脊椎,少量,夜間,3.5,133,0,D1
R1046,超音波,胸部,少量,当日,0.8,275,1,D6
R1047,超音波,四肢,少量,通常,3.2,182,0,D6
R1048,超音波,頭部,少量,夜間,0.9,344,0,D6
R1049,CT,腹部,少量,夜間,2.7,220,0,D1
R1050,MRI,頭部,少量,通常,3.4,368,0,D2
R1051,超音波,腹部,中量,通常,3.2,341,1,D6
R1052,超音波,腹部,少量,通常,0.7,77,0,D6
R1053,MRI,頭部,大量,通常,2.6,60,1,D5
R1054,CT,腹部,少量,当日,4.0,449,0,D1
R1055,MRI,頭部,中量,通常,1.0,332,0,D2
R1056,超音波,四肢,少量,夜間,4.0,258,1,D6
R1057,超音波,胸部,中量,当日,4.6,143,1,D6
R1058,超音波,四肢,中量,通常,2.8,279,0,D6
R1059,X線,頭部,大量,通常,3.8,357,1,D4
R1060,MRI,頭部,少量,当日,2.5,235,1,D2
R1061,CT,頭部,中量,当日,1.0,284,1,D1
R1062,X線,胸部,中量,通常,4.4,127,0,D4
R1063,MRI,四肢,少量,通常,2.5,148,1,D2
R1064,MRI,頭部,少量,当日,3.6,191,1,D2
R1065,CT,頭部,中量,夜間,2.6,433,0,D1
R1066,CT,腹部,少量,通常,4.3,171,1,D1
R1067,X線,胸部,大量,通常,4.9,44,0,D4
R1068,MRI,胸部,少量,当日,1.2,156,1,D2
R1069,CT,脊椎,少量,通常,2.0,91,1,D1
R1070,X線,頭部,大量,通常,0.5,134,1,D4
R1071,超音波,四肢,大量,通常,4.9,314,1,D6
R1072,超音波,胸部,大量,夜間,1.7,201,0,D6
R1073,MRI,腹部,大量,通常,3.2,409,0,D5
R1074,X線,脊椎,中量,通常,3.1,50,0,D4
R1075,CT,頭部,少量,当日,4.8,120,0,D1
R1076,CT,四肢,大量,通常,0.6,197,0,D3
R1077,CT,腹部,中量,通常,4.5,188,1,D1
R1078,CT,四肢,大量,夜間,4.2,327,0,D3
R1079,CT,四肢,大量,通常,3.4,380,0,D3
R1080,X線,脊椎,大量,通常,1.5,72,1,D4
R1081,X線,頭部,少量,夜間,3.4,398,0,D4
R1082,X線,脊椎,中量,通常,0.9,396,0,D4
R1083,X線,脊椎,少量,通常,2.2,235,0,D4
R1084,超音波,腹部,少量,通常,4.5,191,1,D6
R1085,CT,腹部,中量,通常,3.1,259,0,D1
R1086,MRI,頭部,少量,当日,4.2,391,1,D2
R1087,X線,胸部,少量,当日,3.7,347,0,D4
R1088,MRI,脊椎,少量,夜間,2.9,268,0,D2
R1089,CT,腹部,中量,通常,4.1,327,0,D1
R1090,CT,腹部,少量,当日,4.7,81,0,D1
R1091,MRI,胸部,中量,通常,1.6,55,0,D2
R1092,CT,四肢,少量,夜間,1.7,105,0,D1
R1093,X線,腹部,少量,当日,2.6,411,1,D4
R1094,MRI,脊椎,中量,当日,4.5,419,0,D2
R1095,X線,腹部,少量,通常,1.8,389,0,D4
R1096,MRI,四肢,少量,通常,2.0,226,1,D2
R1097,超音波,四肢,少量,当日,3.6,146,1,D6
R1098,超音波,脊椎,大量,通常,2.3,106,1,D6
R1099,超音波,頭部,中量,通常,3.7,49,1,D6
R1100,CT,頭部,少量,通常,4.0,118,0,D1
R1101,超音波,腹部,中量,当日,4.6,229,0,D6
R1102,CT,頭部,中量,当日,4.6,431,0,D1
R1103,CT,頭部,中量,当日,4.8,208,1,D1
R1104,MRI,胸部,少量,当日,0.7,100,0,D2
R1105,MRI,胸部,少量,通常,3.6,352,1,D2
R1106,CT,腹部,少量,通常,2.5,164,0,D1
R1107,CT,頭部,大量,当日,1.2,353,0,D1
R1108,CT,四肢,中量,通常,2.7,256,0,D1
R1109,CT,脊椎,少量,夜間,3.5,74,1,D1
R1110,X線,胸部,大量,通常,1.6,159,1,D4
R1111,X線,頭部,少量,夜間,4.6,188,1,D4
R1112,超音波,腹部,少量,通常,2.5,231,1,D6
R1113,CT,四肢,大量,夜間,2.6,172,0,D3
R1114,MRI,四肢,少量,通常,1.3,319,0,D2
R1115,X線,胸部,少量,夜間,4.6,240,0,D4
R1116,超音波,頭部,大量,当日,2.5,266,1,D6
R1117,CT,腹部,中量,当日,1.2,84,0,D1
R1118,CT,胸部,少量,通常,1.6,318,1,D3
R1119,CT,頭部,大量,通常,2.8,148,1,D1
R1120,MRI,頭部,中量,当日,4.6,180,0,D2
R1121,超音波,胸部,中量,通常,3.2,236,1,D6
R1122,CT,四肢,少量,通常,4.1,299,0,D1
R1123,X線,頭部,中量,当日,4.8,97,1,D4
R1124,MRI,頭部,中量,当日,3.7,51,1,D2
R1125,CT,腹部,大量,当日,2.3,59,1,D3
R1126,CT,腹部,中量,通常,1.5,54,1,D1
R1127,CT,胸部,少量,通常,1.0,234,1,D3
R1128,超音波,頭部,中量,夜間,4.9,186,1,D6
R1129,超音波,頭部,少量,当日,0.7,371,0,D6
R1130,CT,腹部,少量,通常,1.6,262,1,D1
R1131,超音波,頭部,少量,通常,3.3,51,1,D6
R1132,X線,頭部,中量,夜間,1.2,440,1,D4
R1133,CT,腹部,少量,通常,3.8,437,1,D1
R1134,X線,頭部,中量,当日,3.2,324,1,D4
R1135,MRI,四肢,少量,当日,1.1,87,1,D2
R1136,MRI,胸部,大量,通常,4.9,225,0,D5
R1137,X線,脊椎,中量,通常,4.3,423,1,D4
R1138,X線,四肢,少量,通常,3.7,70,0,D4
R1139,X線,四肢,少量,通常,1.8,237,0,D4
R1140,CT,四肢,少量,通常,1.4,130,1,D1
R1141,X線,頭部,少量,通常,3.1,230,0,D4
R1142,MRI,腹部,中量,夜間,4.7,408,0,D5
R1143,MRI,胸部,中量,通常,2.0,395,1,D2
R1144,MRI,腹部,少量,当日,2.5,253,1,D5
R1145,X線,四肢,少量,当日,3.1,140,1,D4
R1146,MRI,脊椎,少量,夜間,1.3,197,0,D2
R1147,超音波,腹部,大量,通常,4.0,371,1,D6
R1148,X線,腹部,中量,夜間,3.2,321,0,D4
R1149,MRI,腹部,中量,夜間,2.1,345,0,D5
R1150,CT,腹部,中量,通常,3.4,336,1,D1
R1151,MRI,頭部,少量,通常,1.4,163,1,D2
R1152,CT,胸部,少量,通常,0.6,83,0,D3
R1153,X線,四肢,少量,当日,4.2,56,0,D4
R1154,CT,四肢,少量,当日,2.5,342,0,D1
R1155,超音波,腹部,少量,通常,2.2,386,1,D6
R1156,MRI,四肢,中量,当日,3.7,414,1,D2
R1157,超音波,腹部,大量,通常,4.3,241,1,D6
R1158,超音波,四肢,少量,当日,4.5,92,1,D6
R1159,CT,脊椎,少量,当日,2.4,348,0,D1
R1160,X線,胸部,中量,通常,3.0,233,0,D4
R1161,MRI,脊椎,少量,通常,4.3,91,0,D2
R1162,超音波,四肢,少量,通常,0.7,418,1,D6
R1163,MRI,腹部,少量,通常,1.1,148,0,D5
R1164,CT,四肢,大量,夜間,3.3,189,1,D3
R1165,CT,脊椎,大量,当日,4.5,327,0,D3
R1166,CT,頭部,少量,通常,2.5,319,0,D1
R1167,X線,腹部,中量,通常,4.1,347,1,D4
R1168,X線,腹部,少量,通常,3.3,172,1,D4
R1169,CT,腹部,中量,夜間,0.7,58,0,D1
R1170,MRI,胸部,少量,当日,3.4,155,0,D2
R1171,MRI,頭部,少量,当日,3.9,377,1,D2
R1172,超音波,腹部,少量,夜間,3.7,53,0,D6
R1173,X線,頭部,大量,通常,1.6,337,0,D4
R1174,X線,腹部,少量,夜間,3.8,341,0,D4
R1175,CT,頭部,少量,当日,2.1,75,0,D1
R1176,CT,胸部,少量,夜間,3.2,104,0,D3
R1177,X線,頭部,少量,通常,3.1,324,0,D4
R1178,CT,四肢,少量,通常,2.8,298,1,D1
R1179,CT,腹部,中量,通常,1.4,108,0,D1
R1180,超音波,脊椎,少量,通常,1.5,439,0,D6
R1181,超音波,胸部,大量,当日,2.9,424,1,D6
R1182,CT,胸部,少量,通常,4.1,187,1,D3
R1183,MRI,頭部,中量,通常,1.2,205,1,D2
R1184,X線,胸部,大量,通常,4.2,55,0,D4
R1185,超音波,腹部,中量,通常,1.8,48,1,D6
R1186,MRI,腹部,中量,当日,3.8,423,1,D5
R1187,CT,脊椎,大量,当日,1.4,258,1,D3
R1188,超音波,脊椎,大量,通常,2.4,218,1,D6
R1189,MRI,腹部,中量,夜間,3.0,379,1,D5
R1190,MRI,胸部,中量,当日,3.3,89,0,D2
R1191,MRI,腹部,少量,通常,4.9,72,0,D5
R1192,MRI,胸部,中量,夜間,3.6,384,1,D2
R1193,X線,腹部,少量,夜間,1.3,256,1,D4
R1194,MRI,四肢,中量,当日,1.4,57,1,D2
R1195,X線,脊椎,大量,通常,4.1,174,0,D4
R1196,CT,胸部,少量,夜間,3.6,291,1,D3
R1197,CT,腹部,中量,通常,2.9,183,0,D1
R1198,超音波,頭部,少量,通常,0.5,385,1,D6
R1199,X線,四肢,中量,通常,4.5,106,1,D4
R1200,MRI,腹部,中量,当日,1.6,426,0,D5
R1201,X線,四肢,大量,通常,3.0,197,0,D4
R1202,MRI,四肢,大量,当日,0.5,192,1,D5
R1203,CT,頭部,少量,当日,4.7,67,1,D1
R1204,X線,脊椎,大量,夜間,4.7,429,0,D4
R1205,X線,胸部,中量,通常,0.6,229,1,D4
R1206,MRI,四肢,中量,通常,1.5,325,1,D2
R1207,超音波,脊椎,少量,当日,2.9,343,0,D6
R1208,X線,頭部,中量,通常,3.4,247,1,D4
R1209,X線,脊椎,中量,当日,2.3,414,0,D4
R1210,超音波,頭部,少量,通常,4.1,152,0,D6
R1211,CT,四肢,少量,通常,4.5,95,0,D1
R1212,CT,胸部,大量,通常,4.0,348,1,D3
R1213,X線,四肢,少量,通常,3.3,201,1,D4
R1214,MRI,胸部,中量,通常,3.8,381,0,D2
R1215,CT,胸部,少量,夜間,1.5,281,0,D3
R1216,超音波,胸部,少量,夜間,0.8,145,1,D6
R1217,MRI,四肢,中量,夜間,4.1,248,1,D2
R1218,超音波,胸部,中量,夜間,0.7,354,1,D6
R1219,CT,胸部,少量,当日,3.8,246,0,D3
R1220,X線,胸部,少量,当日,3.5,157,1,D4
R1221,X線,腹部,大量,当日,4.1,267,1,D4
R1222,CT,頭部,少量,通常,3.5,120,0,D1
R1223,MRI,四肢,中量,夜間,1.7,268,1,D2
R1224,超音波,頭部,中量,通常,3.4,328,0,D6
R1225,MRI,頭部,大量,当日,3.3,45,0,D5
R1226,X線,腹部,大量,夜間,0.5,431,1,D4
R1227,X線,四肢,少量,当日,1.5,419,1,D4
R1228,MRI,腹部,少量,当日,0.7,226,1,D5
R1229,MRI,胸部,中量,通常,4.9,344,1,D2
R1230,MRI,頭部,中量,通常,5.0,254,1,D2
R1231,超音波,胸部,大量,通常,4.5,82,0,D6
R1232,CT,頭部,少量,通常,4.9,281,1,D1
R1233,CT,脊椎,少量,当日,1.6,239,0,D1
R1234,CT,腹部,少量,通常,2.1,53,0,D1
R1235,超音波,腹部,少量,通常,1.7,172,1,D6
R1236,X線,腹部,少量,通常,3.5,145,1,D4
R1237,MRI,頭部,大量,通常,4.5,320,0,D5
R1238,X線,脊椎,中量,通常,4.9,127,0,D4
R1239,超音波,腹部,少量,通常,1.7,106,0,D6
R1240,MRI,胸部,少量,当日,1.4,410,0,D2
R1241,X線,頭部,少量,通常,1.8,159,1,D4
R1242,CT,腹部,中量,通常,3.7,41,1,D1
R1243,CT,頭部,中量,通常,1.4,204,1,D1
R1244,X線,頭部,中量,通常,3.6,264,0,D4
R1245,CT,胸部,中量,通常,1.7,428,0,D3
R1246,X線,四肢,少量,通常,0.7,40,1,D4
R1247,超音波,頭部,大量,夜間,3.1,210,0,D6
R1248,X線,四肢,大量,通常,3.8,46,0,D4
R1249,CT,胸部,大量,通常,2.7,433,1,D3
R1250,MRI,頭部,少量,通常,1.4,93,1,D2
R1251,MRI,腹部,少量,通常,4.5,170,0,D5
R1252,超音波,胸部,少量,当日,3.9,95,1,D6
R1253,超音波,頭部,中量,当日,1.1,329,0,D6
R1254,X線,四肢,少量,通常,2.4,273,0,D4
R1255,CT,脊椎,中量,夜間,2.2,422,0,D1
R1256,X線,頭部,中量,当日,2.6,232,1,D4
R1257,X線,腹部,中量,通常,4.8,92,0,D4
R1258,MRI,腹部,大量,通常,0.8,249,0,D5
R1259,CT,脊椎,中量,当日,4.9,353,1,D1
R1260,MRI,脊椎,中量,通常,4.7,353,1,D2
R1261,CT,腹部,少量,通常,3.8,97,0,D1
R1262,CT,頭部,中量,通常,3.0,68,1,D1
R1263,超音波,胸部,中量,当日,3.2,345,1,D6
R1264,X線,脊椎,少量,通常,0.5,437,1,D4
R1265,X線,脊椎,少量,通常,4.9,347,0,D4
R1266,超音波,頭部,少量,通常,1.7,281,0,D6
R1267,X線,四肢,中量,夜間,3.5,77,1,D4
R1268,MRI,腹部,少量,当日,2.5,409,1,D5
R1269,超音波,胸部,少量,通常,4.2,114,1,D6
R1270,MRI,腹部,中量,通常,0.7,69,1,D5
R1271,X線,頭部,少量,夜間,3.9,153,0,D4
R1272,MRI,脊椎,少量,夜間,0.9,84,0,D2
R1273,CT,頭部,中量,通常,1.9,131,1,D1
R1274,X線,脊椎,中量,通常,1.7,294,1,D4
R1275,超音波,腹部,中量,通常,1.5,225,1,D6
R1276,MRI,頭部,少量,当日,2.6,252,0,D2
R1277,CT,腹部,中量,夜間,3.0,266,1,D1
R1278,MRI,四肢,少量,通常,1.9,366,1,D2
R1279,X線,腹部,中量,当日,3.4,267,0,D4
R1280,MRI,胸部,中量,通常,0.8,88,1,D2
R1281,CT,腹部,少量,当日,2.0,348,0,D1
R1282,X線,胸部,少量,当日,4.3,186,0,D4
R1283,CT,四肢,中量,通常,3.7,43,1,D1
R1284,CT,頭部,大量,当日,1.4,235,1,D1
R1285,CT,腹部,大量,通常,0.8,118,0,D3
R1286,超音波,腹部,少量,通常,3.9,67,0,D6
R1287,超音波,腹部,大量,夜間,1.2,286,1,D6
R1288,X線,胸部,少量,夜間,1.5,94,1,D4
R1289,CT,胸部,中量,当日,0.7,226,0,D3
R1290,CT,胸部,少量,通常,2.8,42,1,D3
R1291,CT,脊椎,大量,通常,1.2,76,0,D3
R1292,超音波,頭部,少量,通常,1.3,380,1,D6
R1293,MRI,腹部,少量,通常,2.5,261,1,D5
R1294,X線,四肢,少量,当日,1.4,319,1,D4
R1295,CT,頭部,中量,夜間,3.3,97,1,D1
R1296,CT,四肢,中量,通常,0.6,108,0,D1
R1297,MRI,腹部,中量,当日,3.1,86,1,D5
R1298,CT,頭部,少量,夜間,3.7,345,0,D1
R1299,CT,頭部,中量,通常,4.0,364,1,D1
R1300,MRI,頭部,少量,通常,4.6,89,0,D2
R1301,X線,脊椎,少量,当日,3.7,246,1,D4
R1302,CT,脊椎,少量,通常,0.8,278,0,D1
R1303,X線,腹部,中量,当日,1.0,158,0,D4
R1304,CT,胸部,中量,夜間,0.7,384,0,D3
R1305,CT,腹部,中量,通常,2.0,427,0,D1
R1306,CT,腹部,中量,当日,4.4,285,0,D1
R1307,X線,胸部,少量,夜間,1.8,148,1,D4
R1308,X線,四肢,中量,通常,3.6,126,1,D4
R1309,X線,胸部,少量,通常,4.6,225,0,D4
R1310,X線,脊椎,大量,通常,4.0,101,0,D4
R1311,X線,四肢,少量,通常,1.6,347,0,D4
R1312,X線,脊椎,少量,通常,4.1,382,1,D4
R1313,X線,脊椎,少量,当日,3.9,351,1,D4
R1314,X線,頭部,少量,夜間,2.3,235,0,D4
R1315,CT,脊椎,中量,当日,3.4,137,1,D1
R1316,超音波,腹部,少量,通常,0.8,287,0,D6
R1317,超音波,頭部,少量,通常,1.5,368,0,D6
R1318,X線,四肢,大量,夜間,2.3,99,0,D4
R1319,MRI,四肢,少量,通常,2.1,368,0,D2
R1320,CT,四肢,少量,通常,4.7,160,0,D1
R1321,超音波,頭部,中量,通常,0.8,307,1,D6
R1322,CT,四肢,少量,通常,3.8,178,1,D1
R1323,X線,四肢,中量,通常,2.2,70,1,D4
R1324,CT,腹部,中量,夜間,2.0,93,1,D1
R1325,CT,頭部,少量,通常,0.5,64,1,D1
R1326,MRI,腹部,大量,当日,4.1,299,1,D5
R1327,CT,腹部,中量,夜間,3.1,188,0,D1
R1328,超音波,頭部,中量,夜間,4.0,339,1,D6
R1329,X線,胸部,少量,通常,2.0,89,0,D4
R1330,X線,脊椎,少量,当日,3.2,450,1,D4
R1331,超音波,脊椎,少量,通常,4.5,335,0,D6
R1332,X線,頭部,少量,通常,4.2,115,0,D4
R1333,CT,胸部,中量,通常,4.6,422,1,D3
R1334,CT,頭部,少量,当日,2.5,52,1,D1
R1335,MRI,四肢,中量,通常,2.6,132,0,D2
R1336,MRI,腹部,大量,夜間,1.6,146,1,D5
R1337,CT,腹部,中量,夜間,3.7,253,0,D1
R1338,CT,脊椎,大量,当日,1.6,258,0,D3
R1339,CT,脊椎,中量,通常,2.6,333,1,D1
R1340,CT,胸部,大量,夜間,2.5,53,1,D3
R1341,X線,頭部,少量,夜間,1.3,42,1,D4
R1342,超音波,腹部,大量,当日,1.9,96,1,D6
R1343,超音波,頭部,少量,通常,2.1,264,1,D6
R1344,超音波,腹部,中量,通常,4.8,270,1,D6
R1345,X線,頭部,中量,当日,2.1,212,1,D4
R1346,超音波,頭部,大量,夜間,3.8,128,1,D6
R1347,CT,脊椎,中量,夜間,2.1,53,0,D1
R1348,CT,四肢,少量,当日,0.9,257,0,D1
R1349,超音波,頭部,中量,当日,1.9,240,1,D6
R1350,超音波,頭部,少量,夜間,4.8,291,0,D6
R1351,MRI,胸部,中量,通常,4.8,277,0,D2
R1352,CT,胸部,大量,夜間,4.9,356,1,D3
R1353,CT,胸部,中量,通常,4.4,82,0,D3
R1354,MRI,腹部,中量,夜間,3.7,229,0,D5
R1355,X線,脊椎,少量,夜間,4.0,294,1,D4
R1356,超音波,脊椎,中量,通常,0.7,194,0,D6
R1357,MRI,脊椎,中量,当日,3.3,219,0,D2
R1358,X線,頭部,中量,当日,0.6,269,0,D4
R1359,超音波,胸部,中量,夜間,1.3,339,0,D6
R1360,X線,脊椎,少量,夜間,1.1,134,0,D4
R1361,X線,四肢,少量,通常,3.5,48,0,D4
R1362,CT,腹部,少量,通常,3.7,408,0,D1
R1363,MRI,頭部,大量,通常,1.3,312,0,D5
R1364,MRI,胸部,大量,当日,2.3,425,0,D5
R1365,CT,脊椎,少量,通常,5.0,162,0,D1
R1366,X線,脊椎,少量,通常,3.6,177,1,D4
R1367,X線,脊椎,大量,通常,2.8,413,1,D4
R1368,MRI,腹部,中量,通常,2.5,157,0,D5
R1369,MRI,脊椎,少量,通常,2.5,40,1,D2
R1370,X線,脊椎,少量,通常,4.2,405,1,D4
R1371,X線,頭部,少量,通常,3.9,421,0,D4
R1372,MRI,四肢,大量,夜間,3.0,228,1,D5
R1373,CT,胸部,少量,通常,0.6,326,1,D3
R1374,超音波,四肢,中量,通常,2.4,395,1,D6
R1375,X線,胸部,少量,通常,3.2,195,1,D4
R1376,超音波,胸部,少量,当日,3.8,223,1,D6
R1377,X線,頭部,中量,通常,2.6,399,1,D4
R1378,CT,四肢,少量,通常,3.4,223,0,D1
R1379,超音波,脊椎,少量,通常,4.8,152,1,D6
R1380,CT,頭部,中量,通常,3.2,124,0,D1
R1381,X線,腹部,少量,当日,2.9,235,0,D4
R1382,超音波,四肢,中量,夜間,3.9,218,0,D6
R1383,超音波,四肢,少量,通常,3.7,156,0,D6
R1384,X線,頭部,中量,夜間,0.6,388,0,D4
R1385,CT,胸部,中量,通常,2.0,439,1,D3
R1386,MRI,胸部,大量,夜間,2.3,142,0,D5
R1387,MRI,四肢,中量,通常,1.4,345,0,D2
R1388,MRI,脊椎,少量,通常,1.7,128,0,D2
R1389,CT,四肢,少量,通常,1.2,77,0,D1
R1390,CT,胸部,少量,夜間,4.0,370,0,D3
R1391,CT,脊椎,少量,当日,3.6,264,0,D1
R1392,MRI,腹部,少量,通常,3.0,112,1,D5
R1393,CT,四肢,少量,通常,1.7,111,0,D1
R1394,MRI,頭部,中量,夜間,2.3,201,0,D2
R1395,超音波,四肢,少量,夜間,4.4,351,1,D6
R1396,MRI,胸部,中量,通常,1.9,42,1,D2
R1397,X線,腹部,少量,通常,2.5,267,1,D4
R1398,X線,胸部,中量,通常,0.7,278,0,D4
R1399,CT,四肢,大量,通常,2.8,344,1,D3
R1400,超音波,腹部,少量,通常,1.8,419,0,D6
R1401,CT,脊椎,中量,夜間,1.7,146,1,D1
R1402,MRI,頭部,中量,夜間,4.5,164,1,D2
R1403,MRI,四肢,中量,当日,4.1,355,0,D2
R1404,CT,頭部,中量,通常,2.0,282,1,D1
R1405,MRI,腹部,大量,当日,5.0,270,0,D5
R1406,MRI,脊椎,少量,当日,0.7,442,1,D2
R1407,CT,頭部,少量,当日,2.7,340,1,D1
R1408,MRI,胸部,中量,通常,4.0,283,0,D2
R1409,X線,胸部,少量,通常,3.1,238,0,D4
R1410,超音波,脊椎,少量,夜間,3.3,227,1,D6
R1411,CT,脊椎,少量,当日,0.6,106,1,D1
R1412,X線,腹部,少量,夜間,3.2,204,0,D4
R1413,超音波,胸部,大量,通常,0.7,247,0,D6
R1414,CT,頭部,中量,通常,3.8,292,1,D1
R1415,MRI,腹部,少量,通常,0.5,86,1,D5
R1416,CT,胸部,少量,通常,3.3,211,0,D3
R1417,CT,頭部,中量,通常,1.7,294,1,D1
R1418,MRI,腹部,中量,通常,4.2,93,1,D5
R1419,超音波,頭部,少量,当日,1.9,426,1,D6
R1420,MRI,四肢,中量,通常,3.0,180,0,D2
R1421,MRI,頭部,大量,当日,0.7,263,1,D5
R1422,CT,腹部,少量,通常,0.5,438,0,D1
R1423,X線,頭部,少量,夜間,3.8,211,0,D4
R1424,MRI,四肢,少量,当日,4.4,161,0,D2
R1425,X線,腹部,大量,当日,4.8,309,1,D4
R1426,超音波,頭部,少量,夜間,1.5,202,1,D6
R1427,MRI,胸部,大量,当日,1.0,236,1,D5
R1428,X線,四肢,中量,通常,2.5,259,1,D4
R1429,CT,胸部,少量,通常,3.5,143,1,D3
R1430,CT,頭部,中量,通常,1.9,122,1,D1
R1431,CT,頭部,中量,夜間,4.5,233,1,D1
R1432,MRI,四肢,少量,当日,3.8,258,0,D2
R1433,X線,四肢,少量,通常,4.8,147,0,D4
R1434,超音波,脊椎,中量,通常,2.7,111,0,D6
R1435,X線,四肢,少量,通常,2.6,69,0,D4
R1436,X線,脊椎,少量,当日,3.3,90,1,D4
R1437,X線,脊椎,少量,通常,3.3,401,0,D4
R1438,MRI,胸部,少量,夜間,2.2,439,0,D2
R1439,超音波,脊椎,中量,通常,2.6,270,1,D6
R1440,X線,胸部,中量,通常,3.8,98,1,D4
R1441,MRI,頭部,中量,当日,3.3,428,1,D2
R1442,CT,四肢,中量,夜間,2.3,237,1,D1
R1443,CT,腹部,少量,通常,1.2,433,1,D1
R1444,超音波,胸部,少量,夜間,4.3,88,0,D6
R1445,MRI,腹部,大量,夜間,3.6,435,1,D5
R1446,CT,頭部,中量,通常,3.4,146,0,D1
R1447,超音波,腹部,中量,通常,3.7,65,0,D6
R1448,X線,頭部,中量,通常,1.0,427,0,D4
R1449,X線,四肢,少量,通常,3.2,147,1,D4
R1450,X線,頭部,少量,通常,3.2,408,1,D4
R1451,MRI,腹部,中量,通常,4.7,417,1,D5
R1452,X線,頭部,少量,通常,3.6,189,1,D4
R1453,MRI,脊椎,大量,通常,4.9,426,0,D2
R1454,MRI,四肢,少量,通常,3.9,346,0,D2
R1455,CT,脊椎,少量,通常,4.8,226,0,D1
R1456,X線,腹部,少量,当日,5.0,143,1,D4
R1457,CT,頭部,少量,夜間,0.9,352,1,D1
R1458,CT,腹部,少量,夜間,4.9,266,1,D1
R1459,CT,腹部,中量,通常,1.8,59,1,D1
R1460,MRI,四肢,中量,通常,4.8,108,1,D2
R1461,X線,頭部,少量,通常,4.2,93,0,D4
R1462,MRI,胸部,中量,通常,3.2,338,0,D2
R1463,MRI,頭部,少量,通常,2.6,270,1,D2
R1464,X線,四肢,大量,通常,0.9,318,1,D4
R1465,CT,頭部,少量,通常,1.8,235,1,D1
R1466,CT,胸部,少量,通常,2.5,277,0,D3
R1467,MRI,頭部,少量,通常,0.7,245,1,D2
R1468,MRI,胸部,少量,通常,2.9,340,1,D2
R1469,X線,脊椎,少量,通常,2.9,221,0,D4
R1470,CT,脊椎,少量,通常,1.0,99,0,D1
R1471,MRI,胸部,中量,通常,2.5,331,1,D2
R1472,超音波,四肢,中量,通常,3.8,136,1,D6
R1473,MRI,四肢,少量,通常,1.0,425,0,D2
R1474,CT,胸部,少量,通常,4.4,413,1,D3
R1475,MRI,頭部,少量,通常,3.9,317,1,D2
R1476,CT,頭部,大量,通常,2.6,224,1,D1
R1477,MRI,脊椎,少量,当日,1.1,288,1,D2
R1478,CT,腹部,少量,通常,4.4,360,1,D1
R1479,X線,頭部,少量,当日,4.9,63,0,D4
R1480,X線,頭部,中量,通常,3.8,270,0,D4
R1481,MRI,四肢,大量,通常,3.4,103,1,D5
R1482,MRI,脊椎,大量,通常,3.6,342,0,D2
R1483,CT,頭部,少量,通常,4.5,262,0,D1
R1484,超音波,頭部,少量,通常,2.6,302,0,D6
R1485,CT,脊椎,中量,夜間,4.4,142,1,D1
R1486,MRI,頭部,大量,通常,3.9,78,1,D5
R1487,X線,四肢,少量,夜間,3.0,251,1,D4
R1488,超音波,胸部,少量,通常,3.3,345,1,D6
R1489,超音波,脊椎,中量,通常,4.3,46,1,D6
R1490,CT,頭部,少量,通常,1.1,108,0,D1
R1491,MRI,腹部,少量,通常,4.9,209,1,D5
R1492,超音波,頭部,中量,夜間,1.0,297,1,D6
R1493,X線,胸部,大量,通常,2.7,192,0,D4
R1494,CT,脊椎,大量,通常,0.8,446,0,D3
R1495,CT,四肢,中量,通常,4.9,124,1,D1
R1496,X線,胸部,少量,通常,3.8,134,1,D4
R1497,超音波,四肢,少量,通常,3.7,204,1,D6
R1498,MRI,腹部,大量,通常,2.9,133,1,D5
R1499,X線,胸部,中量,夜間,1.6,164,0,D4
R1500,MRI,腹部,少量,当日,1.1,379,1,D5
R1501,超音波,頭部,少量,夜間,2.4,227,1,D6
R1502,X線,胸部,少量,当日,2.4,366,0,D4
R1503,MRI,四肢,中量,通常,1.2,270,1,D2
R1504,X線,頭部,中量,通常,0.9,189,0,D4
R1505,MRI,胸部,中量,当日,4.3,442,0,D2
R1506,MRI,四肢,少量,通常,2.6,119,1,D2
R1507,X線,四肢,中量,通常,4.7,269,1,D4
R1508,X線,胸部,大量,通常,3.1,208,1,D4
R1509,X線,胸部,少量,通常,1.3,274,0,D4
R1510,MRI,頭部,少量,通常,2.3,377,0,D2
R1511,MRI,頭部,大量,当日,0.7,113,1,D5
R1512,X線,脊椎,少量,夜間,2.5,302,1,D4
R1513,MRI,腹部,中量,通常,0.6,345,1,D5
R1514,CT,腹部,中量,当日,4.2,439,0,D1
R1515,MRI,腹部,中量,当日,1.5,122,1,D5
R1516,超音波,胸部,中量,通常,3.7,359,0,D6
R1517,超音波,胸部,少量,通常,3.5,113,0,D6
R1518,MRI,胸部,大量,通常,4.4,319,0,D5
R1519,MRI,腹部,少量,通常,0.7,447,1,D5
R1520,CT,腹部,少量,夜間,4.5,102,0,D1
R1521,超音波,脊椎,大量,通常,2.2,138,0,D6
R1522,CT,腹部,少量,夜間,0.8,191,0,D1
R1523,MRI,胸部,大量,通常,2.2,389,1,D5
R1524,X線,腹部,少量,当日,3.6,423,1,D4
R1525,MRI,腹部,中量,当日,4.0,130,0,D5
R1526,MRI,腹部,少量,当日,1.6,272,0,D5
R1527,CT,四肢,少量,通常,1.3,213,0,D1
R1528,超音波,頭部,中量,通常,3.2,408,0,D6
R1529,CT,四肢,中量,通常,1.8,447,0,D1
R1530,CT,頭部,大量,当日,4.5,269,0,D1
R1531,CT,頭部,中量,当日,4.0,174,1,D1
R1532,CT,胸部,少量,夜間,4.4,297,0,D3
R1533,CT,胸部,少量,通常,1.9,99,1,D3
R1534,X線,胸部,中量,夜間,2.1,421,0,D4
R1535,MRI,腹部,中量,通常,2.4,40,0,D5
R1536,CT,四肢,大量,通常,2.0,77,0,D3
R1537,CT,腹部,大量,夜間,3.4,227,0,D3
R1538,MRI,脊椎,中量,当日,3.5,291,1,D2
R1539,X線,脊椎,中量,通常,3.5,154,1,D4
R1540,超音波,四肢,少量,通常,1.4,109,1,D6
R1541,MRI,頭部,大量,通常,2.7,328,0,D5
R1542,超音波,頭部,少量,通常,0.8,355,0,D6
R1543,X線,脊椎,中量,通常,0.8,371,1,D4
R1544,CT,脊椎,大量,当日,0.7,90,0,D3
R1545,X線,頭部,少量,夜間,1.9,326,0,D4
R1546,X線,胸部,少量,当日,3.2,159,1,D4
R1547,CT,腹部,中量,当日,1.0,242,1,D1
R1548,MRI,頭部,中量,通常,3.7,248,1,D2
R1549,MRI,頭部,中量,通常,2.3,418,1,D2
R1550,MRI,脊椎,少量,通常,3.7,169,0,D2
R1551,超音波,脊椎,大量,当日,0.7,344,1,D6
R1552,超音波,胸部,中量,夜間,3.5,229,0,D6
R1553,CT,頭部,少量,通常,1.3,350,0,D1
R1554,CT,頭部,中量,通常,3.1,412,1,D1
R1555,MRI,四肢,中量,当日,2.1,218,1,D2
R1556,MRI,脊椎,少量,通常,4.8,105,0,D2
R1557,MRI,腹部,少量,通常,4.6,291,1,D5
R1558,X線,腹部,中量,当日,3.0,299,1,D4
R1559,X線,腹部,中量,当日,3.2,99,1,D4
R1560,CT,腹部,少量,当日,3.8,157,0,D1
R1561,X線,四肢,中量,当日,4.7,116,1,D4
R1562,CT,腹部,少量,通常,4.6,273,0,D1
R1563,MRI,頭部,大量,当日,4.6,257,0,D5
R1564,MRI,腹部,中量,当日,4.0,67,1,D5
R1565,MRI,胸部,大量,当日,1.5,212,0,D5
R1566,X線,脊椎,少量,通常,4.3,100,0,D4
R1567,MRI,頭部,中量,夜間,2.2,47,0,D2
R1568,CT,四肢,少量,通常,3.3,115,1,D1
R1569,MRI,胸部,大量,夜間,2.0,332,0,D5
R1570,超音波,脊椎,少量,通常,2.2,205,0,D6
R1571,X線,四肢,大量,夜間,4.0,73,1,D4
R1572,CT,四肢,少量,当日,2.2,116,1,D1
R1573,超音波,腹部,中量,通常,1.7,121,1,D6
R1574,MRI,脊椎,中量,通常,0.6,64,0,D2
R1575,CT,脊椎,少量,通常,1.1,173,0,D1
R1576,超音波,頭部,大量,当日,4.6,339,0,D6
R1577,超音波,胸部,少量,夜間,4.1,347,0,D6
R1578,MRI,腹部,少量,当日,1.9,388,1,D5
R1579,X線,脊椎,中量,夜間,0.8,251,1,D4
R1580,MRI,胸部,少量,通常,4.8,234,0,D2
R1581,CT,脊椎,少量,通常,4.8,293,0,D1
R1582,X線,腹部,少量,通常,0.8,218,1,D4
R1583,MRI,腹部,中量,通常,3.3,385,0,D5
R1584,超音波,頭部,少量,通常,3.5,55,1,D6
R1585,X線,腹部,中量,当日,1.4,295,0,D4
R1586,超音波,頭部,大量,当日,4.1,131,1,D6
R1587,MRI,頭部,中量,当日,1.0,283,1,D2
R1588,X線,脊椎,中量,通常,4.4,235,1,D4
R1589,X線,腹部,大量,通常,2.6,198,0,D4
R1590,超音波,腹部,少量,通常,4.2,354,1,D6
R1591,CT,腹部,大量,通常,3.2,201,1,D3
R1592,MRI,四肢,中量,通常,3.5,442,1,D2
R1593,MRI,腹部,大量,通常,4.9,305,0,D5
R1594,MRI,脊椎,少量,通常,1.0,334,1,D2
R1595,X線,脊椎,少量,通常,3.2,371,0,D4
R1596,X線,胸部,少量,夜間,1.8,396,0,D4
R1597,超音波,脊椎,少量,通常,2.5,151,1,D6
R1598,CT,腹部,少量,当日,4.6,160,0,D1
R1599,MRI,頭部,大量,通常,4.6,243,1,D5
R1600,MRI,脊椎,少量,通常,3.4,151,1,D2
R1601,CT,四肢,中量,通常,4.8,403,0,D1
R1602,CT,頭部,中量,通常,0.9,137,1,D1
R1603,CT,頭部,中量,夜間,3.8,168,1,D1
R1604,超音波,脊椎,中量,当日,0.9,372,1,D6
R1605,CT,胸部,少量,夜間,3.1,404,1,D3
R1606,MRI,胸部,大量,当日,3.3,430,1,D5
R1607,MRI,四肢,少量,当日,4.5,203,0,D2
R1608,CT,胸部,大量,通常,2.6,422,0,D3
R1609,X線,腹部,中量,通常,5.0,82,1,D4
R1610,MRI,胸部,少量,当日,4.0,417,0,D2
R1611,CT,四肢,中量,夜間,1.8,318,1,D1
R1612,MRI,四肢,少量,通常,3.4,218,1,D2
R1613,X線,胸部,中量,当日,4.2,145,0,D4
R1614,X線,脊椎,少量,夜間,1.3,55,0,D4
R1615,MRI,胸部,少量,当日,4.8,423,0,D2
R1616,X線,頭部,少量,通常,1.2,422,0,D4
R1617,超音波,四肢,中量,通常,2.0,446,1,D6
R1618,超音波,脊椎,大量,通常,1.2,316,1,D6
R1619,X線,脊椎,少量,当日,4.2,323,1,D4
R1620,超音波,四肢,中量,通常,0.5,398,1,D6
R1621,CT,胸部,中量,通常,3.1,340,1,D3
R1622,超音波,腹部,少量,通常,1.5,306,0,D6
R1623,X線,四肢,大量,通常,2.6,267,1,D4
R1624,CT,胸部,少量,通常,1.6,149,1,D3
R1625,CT,頭部,中量,通常,2.2,169,1,D1
R1626,X線,頭部,少量,夜間,3.1,362,0,D4
R1627,CT,胸部,大量,当日,1.6,184,0,D3
R1628,MRI,胸部,少量,当日,1.5,325,0,D2
R1629,X線,脊椎,中量,通常,3.8,289,1,D4
R1630,CT,頭部,少量,通常,3.4,46,0,D1
R1631,MRI,胸部,大量,通常,0.5,81,1,D5
R1632,MRI,脊椎,少量,当日,1.5,417,1,D2
R1633,X線,胸部,中量,夜間,4.3,187,0,D4
R1634,超音波,脊椎,少量,夜間,2.8,203,1,D6
R1635,MRI,腹部,少量,通常,3.0,103,1,D5
R1636,CT,四肢,中量,通常,1.0,269,0,D1
R1637,MRI,脊椎,大量,当日,3.6,272,0,D2
R1638,超音波,胸部,少量,通常,2.0,312,0,D6
R1639,MRI,脊椎,少量,当日,2.7,260,0,D2
R1640,MRI,胸部,少量,通常,2.7,364,1,D2
R1641,超音波,四肢,中量,夜間,2.2,402,0,D6
R1642,X線,胸部,大量,当日,1.0,82,1,D4
R1643,MRI,四肢,少量,通常,4.1,100,0,D2
R1644,超音波,腹部,少量,通常,1.6,409,0,D6
R1645,MRI,頭部,中量,夜間,4.5,269,1,D2
R1646,超音波,胸部,中量,当日,2.6,109,1,D6
R1647,CT,腹部,中量,通常,4.6,238,1,D1
R1648,超音波,頭部,大量,当日,1.5,126,1,D6
R1649,超音波,頭部,少量,夜間,3.9,185,1,D6
R1650,CT,腹部,大量,通常,0.6,415,0,D3
R1651,MRI,四肢,中量,通常,3.6,347,1,D2
R1652,MRI,胸部,大量,通常,4.0,63,0,D5
R1653,X線,脊椎,中量,当日,1.8,122,0,D4
R1654,X線,胸部,少量,通常,4.2,134,1,D4
R1655,超音波,胸部,大量,当日,4.2,222,1,D6
R1656,X線,頭部,少量,通常,4.6,424,0,D4
R1657,MRI,脊椎,中量,通常,4.1,345,0,D2
R1658,CT,脊椎,少量,通常,1.8,271,1,D1
R1659,X線,頭部,大量,通常,3.0,43,0,D4
R1660,CT,胸部,大量,通常,1.5,262,1,D3
R1661,CT,胸部,少量,通常,4.2,352,0,D3
R1662,超音波,頭部,少量,通常,0.7,197,1,D6
R1663,超音波,胸部,中量,夜間,0.7,213,1,D6
R1664,超音波,腹部,少量,当日,2.3,208,0,D6
R1665,MRI,四肢,中量,通常,3.8,62,0,D2
R1666,超音波,脊椎,大量,当日,0.8,199,0,D6
R1667,MRI,頭部,少量,通常,3.5,412,0,D2
R1668,X線,四肢,少量,通常,1.1,97,0,D4
R1669,超音波,胸部,中量,当日,4.7,397,0,D6
R1670,X線,脊椎,少量,当日,1.2,347,0,D4
R1671,CT,胸部,大量,通常,2.4,332,0,D3
R1672,CT,脊椎,大量,通常,2.8,151,0,D3
R1673,X線,腹部,中量,夜間,3.1,424,1,D4
R1674,X線,脊椎,大量,当日,4.7,59,1,D4
R1675,X線,頭部,中量,通常,0.7,341,0,D4
R1676,CT,脊椎,中量,夜間,3.2,251,0,D1
R1677,CT,胸部,少量,通常,2.8,131,0,D3
R1678,CT,腹部,大量,通常,5.0,164,1,D3
R1679,MRI,脊椎,少量,通常,1.1,205,0,D2
R1680,MRI,脊椎,大量,通常,4.5,258,1,D2
R1681,X線,頭部,少量,夜間,3.6,104,0,D4
R1682,超音波,脊椎,大量,当日,3.4,445,0,D6
R1683,CT,四肢,大量,通常,3.5,254,1,D3
R1684,X線,腹部,少量,夜間,3.9,366,1,D4
R1685,CT,胸部,少量,夜間,2.8,166,0,D3
R1686,MRI,四肢,中量,通常,2.0,197,1,D2
R1687,MRI,四肢,少量,通常,2.9,57,0,D2
R1688,X線,四肢,中量,夜間,3.5,261,1,D4
R1689,X線,胸部,少量,夜間,5.0,413,0,D4
R1690,X線,脊椎,少量,当日,3.8,406,0,D4
R1691,CT,胸部,少量,当日,3.4,417,1,D3
R1692,X線,胸部,大量,通常,4.5,323,0,D4
R1693,CT,胸部,少量,通常,3.0,163,0,D3
R1694,X線,脊椎,中量,通常,3.9,315,0,D4
R1695,MRI,頭部,大量,通常,0.9,90,1,D5
R1696,超音波,腹部,大量,夜間,1.0,78,0,D6
R1697,MRI,腹部,少量,通常,4.7,301,1,D5
R1698,超音波,脊椎,少量,通常,2.8,393,1,D6
R1699,CT,頭部,少量,当日,1.4,242,1,D1
R1700,MRI,胸部,少量,通常,2.2,445,1,D2
R1701,超音波,四肢,少量,通常,2.2,168,1,D6
R1702,MRI,胸部,中量,通常,0.6,448,0,D2
R1703,超音波,頭部,大量,当日,0.6,419,1,D6
R1704,MRI,脊椎,中量,通常,1.3,335,0,D2
R1705,超音波,腹部,大量,当日,1.2,397,1,D6
R1706,超音波,頭部,中量,通常,4.9,151,1,D6
R1707,CT,腹部,少量,通常,5.0,327,0,D1
R1708,CT,脊椎,少量,通常,1.6,124,1,D1
R1709,超音波,脊椎,大量,夜間,3.4,175,1,D6
R1710,CT,頭部,少量,夜間,4.0,369,1,D1
R1711,CT,腹部,中量,当日,4.8,357,0,D1
R1712,MRI,腹部,少量,通常,3.0,190,0,D5
R1713,超音波,四肢,少量,当日,1.3,420,0,D6
R1714,超音波,胸部,中量,通常,2.2,377,0,D6
R1715,MRI,腹部,少量,通常,1.3,360,1,D5
R1716,X線,胸部,大量,当日,3.0,227,1,D4
R1717,X線,脊椎,少量,夜間,1.5,184,0,D4
R1718,超音波,脊椎,中量,当日,4.1,404,1,D6
R1719,MRI,胸部,大量,通常,2.2,40,1,D5
R1720,CT,腹部,少量,夜間,4.9,209,1,D1
R1721,X線,胸部,中量,通常,3.2,66,0,D4
R1722,超音波,四肢,少量,当日,0.9,353,0,D6
R1723,CT,腹部,中量,通常,1.0,329,1,D1
R1724,X線,頭部,中量,通常,2.5,71,0,D4
R1725,MRI,頭部,少量,当日,4.5,409,0,D2
R1726,X線,四肢,少量,通常,2.0,441,0,D4
R1727,CT,胸部,少量,夜間,4.0,428,0,D3
R1728,X線,胸部,大量,通常,4.4,263,1,D4
R1729,X線,胸部,少量,通常,4.3,444,0,D4
R1730,MRI,脊椎,少量,通常,2.7,213,1,D2
R1731,MRI,頭部,少量,夜間,1.5,209,1,D2
R1732,CT,脊椎,少量,通常,0.6,402,1,D1
R1733,超音波,腹部,少量,当日,4.7,255,1,D6
R1734,超音波,腹部,少量,通常,4.1,286,0,D6
R1735,超音波,頭部,少量,夜間,0.7,139,0,D6
R1736,CT,腹部,中量,夜間,0.7,83,1,D1
R1737,X線,頭部,少量,夜間,2.0,40,0,D4
R1738,MRI,腹部,中量,通常,2.7,408,1,D5
R1739,超音波,胸部,少量,通常,3.3,230,0,D6
R1740,X線,脊椎,中量,通常,1.5,134,1,D4
R1741,MRI,胸部,中量,夜間,1.7,122,0,D2
R1742,MRI,頭部,大量,当日,3.6,198,0,D5
R1743,X線,頭部,少量,当日,2.5,93,0,D4
R1744,MRI,頭部,大量,通常,1.5,165,0,D5
R1745,超音波,脊椎,少量,通常,3.1,202,0,D6
R1746,CT,四肢,大量,通常,2.2,279,1,D3
R1747,X線,脊椎,少量,通常,4.9,429,1,D4
R1748,CT,四肢,中量,通常,2.0,273,0,D1
R1749,CT,腹部,大量,夜間,2.5,450,0,D3
R1750,CT,腹部,中量,夜間,5.0,411,0,D1
R1751,超音波,胸部,大量,夜間,1.9,318,1,D6
R1752,X線,胸部,中量,通常,2.1,44,0,D4
R1753,CT,腹部,少量,通常,4.0,213,0,D1
R1754,X線,腹部,少量,通常,4.8,248,0,D4
R1755,CT,胸部,中量,夜間,2.1,74,1,D3
R1756,CT,脊椎,中量,通常,3.7,193,0,D1
R1757,MRI,脊椎,少量,通常,4.0,44,0,D2
R1758,MRI,四肢,少量,当日,1.7,357,1,D2
R1759,MRI,頭部,少量,通常,2.0,392,0,D2
R1760,MRI,胸部,大量,夜間,2.4,251,1,D5
R1761,MRI,胸部,少量,夜間,1.5,319,0,D2
R1762,X線,四肢,少量,通常,4.7,74,1,D4
R1763,CT,四肢,少量,夜間,4.2,59,1,D1
R1764,MRI,四肢,少量,通常,2.9,357,0,D2
R1765,CT,胸部,大量,通常,2.1,197,0,D3
R1766,CT,胸部,少量,通常,4.7,298,1,D3
R1767,MRI,頭部,少量,通常,4.8,235,1,D2
R1768,MRI,脊椎,中量,夜間,4.6,240,0,D2
R1769,X線,四肢,中量,当日,4.7,156,0,D4
R1770,X線,脊椎,少量,通常,1.9,278,0,D4
R1771,CT,腹部,少量,通常,2.9,199,1,D1
R1772,MRI,胸部,中量,通常,3.2,93,1,D2
R1773,X線,腹部,少量,当日,4.6,422,1,D4
R1774,CT,腹部,少量,通常,0.9,292,0,D1
R1775,MRI,脊椎,少量,通常,4.7,290,1,D2
R1776,MRI,頭部,中量,通常,0.9,297,0,D2
R1777,CT,胸部,中量,通常,1.7,399,1,D3
R1778,超音波,頭部,少量,夜間,3.9,240,1,D6
R1779,超音波,脊椎,中量,通常,3.2,185,1,D6
R1780,X線,胸部,大量,通常,3.3,161,1,D4
R1781,MRI,頭部,大量,通常,1.8,189,1,D5
R1782,CT,四肢,中量,通常,3.3,312,1,D1
R1783,CT,四肢,少量,通常,2.0,446,1,D1
R1784,CT,脊椎,大量,通常,0.8,442,1,D3
R1785,CT,四肢,大量,夜間,2.3,215,1,D3
R1786,超音波,四肢,少量,夜間,3.3,317,0,D6
R1787,MRI,腹部,中量,夜間,1.9,398,0,D5
R1788,超音波,胸部,少量,通常,4.4,253,0,D6
R1789,MRI,四肢,中量,通常,3.4,264,1,D2
R1790,超音波,腹部,少量,当日,2.4,221,0,D6
R1791,X線,四肢,少量,通常,0.8,149,0,D4
R1792,超音波,頭部,少量,夜間,5.0,139,1,D6
R1793,CT,腹部,中量,夜間,1.4,329,0,D1
R1794,CT,四肢,大量,通常,4.6,60,1,D3
R1795,CT,胸部,中量,通常,2.7,403,1,D3
R1796,超音波,四肢,中量,通常,0.6,149,0,D6
R1797,超音波,頭部,少量,当日,0.5,446,1,D6
R1798,CT,頭部,少量,当日,2.2,269,1,D1
R1799,MRI,腹部,中量,通常,2.5,221,1,D5
R1800,CT,頭部,大量,通常,1.3,434,0,D1
